OCORRENCIA_ANO_BAIRRO;CD_BAIRRO;NOM_BAIRRO;TOT_EQUIP_BAIRRO;FLAG_EQUIPAMENTO_BAIRRO;FLAGRANTE_BAIRRO;TOT_OPERACAO_BAIRRO;TOT_OCORR_BAIRRO;RENDI_NOM_MED_TOTAL;RENDI_NOM_MED_HOMENS;RENDI_NOM_MED_MULHERES;POP_DENSIDADE_2022;TOTAL_ALVARAS;ARE_VERDE_POR_HAB;CD_REGIONAL;NOM_REGIONAL;TOT_OCORR_REGIONAL;QTD_EQUIPAMENTOS_GMC_REGIONAL
2012;50;ABRANCHES;9;52;2;1;255524;1709.45;2042.91;1342.33;13132.64;2699;28.6;4;REGIONAL BOA VISTA;4492796;5
2013;50;ABRANCHES;9;31;3;17;231495;1709.45;2042.91;1342.33;13132.64;2699;28.6;4;REGIONAL BOA VISTA;5680685;5
2014;50;ABRANCHES;9;40;11;121;310156;1709.45;2042.91;1342.33;13132.64;2699;28.6;4;REGIONAL BOA VISTA;5022916;5
2015;50;ABRANCHES;9;43;10;149;300235;1709.45;2042.91;1342.33;13132.64;2699;28.6;4;REGIONAL BOA VISTA;5365945;5
2016;50;ABRANCHES;9;38;7;118;237888;1709.45;2042.91;1342.33;13132.64;2699;28.6;4;REGIONAL BOA VISTA;4550111;5
2017;50;ABRANCHES;9;45;5;107;215819;1709.45;2042.91;1342.33;13132.64;2699;28.6;4;REGIONAL BOA VISTA;4661287;5
2018;50;ABRANCHES;9;68;3;130;130;1709.45;2042.91;1342.33;13132.64;2699;28.6;4;REGIONAL BOA VISTA;12058;5
2019;50;ABRANCHES;9;62;3;903;234;1709.45;2042.91;1342.33;13132.64;2699;28.6;4;REGIONAL BOA VISTA;28270;5
2020;50;ABRANCHES;9;36;5;275;275;1709.45;2042.91;1342.33;13132.64;2699;28.6;4;REGIONAL BOA VISTA;28270;5
2021;50;ABRANCHES;9;54;5;256;256;1709.45;2042.91;1342.33;13132.64;2699;28.6;4;REGIONAL BOA VISTA;28270;5
2022;50;ABRANCHES;9;48;15;322;322;1709.45;2042.91;1342.33;13132.64;2699;28.6;4;REGIONAL BOA VISTA;28270;5
2012;9;AGUA VERDE;18;113;11;7;792728;4253.57;5441.33;3149.45;40150.31;18835;4.22;7;REGIONAL PORTAO;3408328;5
2013;9;AGUA VERDE;18;179;27;99;986370;4253.57;5441.33;3149.45;40150.31;18835;4.22;7;REGIONAL PORTAO;4255482;5
2014;9;AGUA VERDE;18;158;15;335;922412;4253.57;5441.33;3149.45;40150.31;18835;4.22;7;REGIONAL PORTAO;4382464;5
2015;9;AGUA VERDE;18;200;40;584;1176760;4253.57;5441.33;3149.45;40150.31;18835;4.22;7;REGIONAL PORTAO;4654649;5
2016;9;AGUA VERDE;18;192;24;459;925344;4253.57;5441.33;3149.45;40150.31;18835;4.22;7;REGIONAL PORTAO;4048128;5
2017;9;AGUA VERDE;18;201;17;476;960092;4253.57;5441.33;3149.45;40150.31;18835;4.22;7;REGIONAL PORTAO;3654804;5
2018;9;AGUA VERDE;18;153;21;542;542;4253.57;5441.33;3149.45;40150.31;18835;4.22;7;REGIONAL PORTAO;11313;5
2019;9;AGUA VERDE;18;129;28;903;903;4253.57;5441.33;3149.45;40150.31;18835;4.22;7;REGIONAL PORTAO;26789;5
2020;9;AGUA VERDE;18;158;41;1027;1027;4253.57;5441.33;3149.45;40150.31;18835;4.22;7;REGIONAL PORTAO;26789;5
2021;9;AGUA VERDE;18;95;26;1040;1040;4253.57;5441.33;3149.45;40150.31;18835;4.22;7;REGIONAL PORTAO;26789;5
2022;9;AGUA VERDE;18;79;29;886;886;4253.57;5441.33;3149.45;40150.31;18835;4.22;7;REGIONAL PORTAO;26789;5
2012;14;AHU;1;0;2;1;130780;4238.62;5330.78;3186.85;9113.98;4186;21.84;1;REGIONAL MATRIZ;12253080;9
2013;14;AHU;1;1;1;12;128832;4238.62;5330.78;3186.85;9113.98;4186;21.84;1;REGIONAL MATRIZ;15375294;9
2014;14;AHU;1;0;0;40;92644;4238.62;5330.78;3186.85;9113.98;4186;21.84;1;REGIONAL MATRIZ;15278204;9
2015;14;AHU;1;0;1;54;108810;4238.62;5330.78;3186.85;9113.98;4186;21.84;1;REGIONAL MATRIZ;15138695;9
2016;14;AHU;1;2;0;42;84672;4238.62;5330.78;3186.85;9113.98;4186;21.84;1;REGIONAL MATRIZ;11337984;9
2017;14;AHU;1;0;2;37;74629;4238.62;5330.78;3186.85;9113.98;4186;21.84;1;REGIONAL MATRIZ;13747872;9
2018;14;AHU;1;0;4;77;77;4238.62;5330.78;3186.85;9113.98;4186;21.84;1;REGIONAL MATRIZ;21187;9
2019;14;AHU;1;0;0;47;47;4238.62;5330.78;3186.85;9113.98;4186;21.84;1;REGIONAL MATRIZ;71450;9
2020;14;AHU;1;0;2;61;61;4238.62;5330.78;3186.85;9113.98;4186;21.84;1;REGIONAL MATRIZ;71450;9
2021;14;AHU;1;0;0;50;50;4238.62;5330.78;3186.85;9113.98;4186;21.84;1;REGIONAL MATRIZ;71450;9
2022;14;AHU;1;1;0;32;32;4238.62;5330.78;3186.85;9113.98;4186;21.84;1;REGIONAL MATRIZ;71450;9
2012;64;ALTO BOQUEIRAO;37;217;14;11;1024108;1262.61;1477.94;1023.11;1288.82;9159;233.64;2;REGIONAL BOQUEIRAO;3806703;3
2013;64;ALTO BOQUEIRAO;37;228;24;122;1195722;1262.61;1477.94;1023.11;1288.82;9159;233.64;2;REGIONAL BOQUEIRAO;4368210;3
2014;64;ALTO BOQUEIRAO;37;250;23;490;1256736;1262.61;1477.94;1023.11;1288.82;9159;233.64;2;REGIONAL BOQUEIRAO;5010832;3
2015;64;ALTO BOQUEIRAO;37;345;23;708;1426620;1262.61;1477.94;1023.11;1288.82;9159;233.64;2;REGIONAL BOQUEIRAO;5015334;3
2016;64;ALTO BOQUEIRAO;37;326;16;649;1308384;1262.61;1477.94;1023.11;1288.82;9159;233.64;2;REGIONAL BOQUEIRAO;4908960;3
2017;64;ALTO BOQUEIRAO;37;335;37;688;1387696;1262.61;1477.94;1023.11;1288.82;9159;233.64;2;REGIONAL BOQUEIRAO;4929548;3
2018;64;ALTO BOQUEIRAO;37;327;30;688;688;1262.61;1477.94;1023.11;1288.82;9159;233.64;2;REGIONAL BOQUEIRAO;13530;3
2019;64;ALTO BOQUEIRAO;37;356;22;634;634;1262.61;1477.94;1023.11;1288.82;9159;233.64;2;REGIONAL BOQUEIRAO;20564;3
2020;64;ALTO BOQUEIRAO;37;226;22;913;913;1262.61;1477.94;1023.11;1288.82;9159;233.64;2;REGIONAL BOQUEIRAO;20564;3
2021;64;ALTO BOQUEIRAO;37;502;37;1204;1204;1262.61;1477.94;1023.11;1288.82;9159;233.64;2;REGIONAL BOQUEIRAO;20564;3
2022;64;ALTO BOQUEIRAO;37;230;24;803;803;1262.61;1477.94;1023.11;1288.82;9159;233.64;2;REGIONAL BOQUEIRAO;20564;3
2012;5;ALTO DA  XV;10;30;4;2;231380;3784.23;4874.65;3387.51;8018.79;5124;20.12;1;REGIONAL MATRIZ;12253080;9
2013;5;ALTO DA  XV;10;44;5;25;322080;3784.23;4874.65;3387.51;8018.79;5124;20.12;1;REGIONAL MATRIZ;15375294;9
2014;5;ALTO DA  XV;10;27;7;186;479332;3784.23;4874.65;3387.51;8018.79;5124;20.12;1;REGIONAL MATRIZ;15278204;9
2015;5;ALTO DA  XV;10;38;11;216;435240;3784.23;4874.65;3387.51;8018.79;5124;20.12;1;REGIONAL MATRIZ;15138695;9
2016;5;ALTO DA  XV;10;54;6;198;399168;3784.23;4874.65;3387.51;8018.79;5124;20.12;1;REGIONAL MATRIZ;11337984;9
2017;5;ALTO DA  XV;10;59;11;227;457859;3784.23;4874.65;3387.51;8018.79;5124;20.12;1;REGIONAL MATRIZ;13747872;9
2018;5;ALTO DA  XV;10;33;4;199;199;3784.23;4874.65;3387.51;8018.79;5124;20.12;1;REGIONAL MATRIZ;71450;9
2019;5;ALTO DA  XV;10;34;11;192;192;3784.23;4874.65;3387.51;8018.79;5124;20.12;1;REGIONAL MATRIZ;71450;9
2020;5;ALTO DA  XV;10;97;6;363;363;3784.23;4874.65;3387.51;8018.79;5124;20.12;1;REGIONAL MATRIZ;71450;9
2021;5;ALTO DA  XV;10;14;5;335;335;3784.23;4874.65;3387.51;8018.79;5124;20.12;1;REGIONAL MATRIZ;71450;9
2022;5;ALTO DA  XV;10;4;3;160;160;3784.23;4874.65;3387.51;8018.79;5124;20.12;1;REGIONAL MATRIZ;71450;9
2012;4;ALTO DA GLORIA;4;38;2;1;255524;4101.11;4610.94;3038.92;5939.77;2608;24.93;1;REGIONAL MATRIZ;12253080;9
2013;4;ALTO DA GLORIA;4;64;10;38;342210;4101.11;4610.94;3038.92;5939.77;2608;24.93;1;REGIONAL MATRIZ;15375294;9
2014;4;ALTO DA GLORIA;4;52;6;125;310156;4101.11;4610.94;3038.92;5939.77;2608;24.93;1;REGIONAL MATRIZ;15278204;9
2015;4;ALTO DA GLORIA;4;144;13;280;564200;4101.11;4610.94;3038.92;5939.77;2608;24.93;1;REGIONAL MATRIZ;15138695;9
2016;4;ALTO DA GLORIA;4;153;10;233;469728;4101.11;4610.94;3038.92;5939.77;2608;24.93;1;REGIONAL MATRIZ;11337984;9
2017;4;ALTO DA GLORIA;4;86;1;150;302550;4101.11;4610.94;3038.92;5939.77;2608;24.93;1;REGIONAL MATRIZ;13747872;9
2018;4;ALTO DA GLORIA;4;23;4;90;90;4101.11;4610.94;3038.92;5939.77;2608;24.93;1;REGIONAL MATRIZ;21187;9
2019;4;ALTO DA GLORIA;4;48;3;129;129;4101.11;4610.94;3038.92;5939.77;2608;24.93;1;REGIONAL MATRIZ;71450;9
2020;4;ALTO DA GLORIA;4;44;6;130;130;4101.11;4610.94;3038.92;5939.77;2608;24.93;1;REGIONAL MATRIZ;71450;9
2021;4;ALTO DA GLORIA;4;54;5;184;184;4101.11;4610.94;3038.92;5939.77;2608;24.93;1;REGIONAL MATRIZ;71450;9
2022;4;ALTO DA GLORIA;4;133;8;262;262;4101.11;4610.94;3038.92;5939.77;2608;24.93;1;REGIONAL MATRIZ;71450;9
2012;55;ATUBA;13;58;5;0;241440;1713.26;2070.82;1320.47;1321.88;3793;100.6;4;REGIONAL BOA VISTA;4492796;5
2013;55;ATUBA;13;124;11;47;442860;1713.26;2070.82;1320.47;1321.88;3793;100.6;4;REGIONAL BOA VISTA;5680685;5
2014;55;ATUBA;13;87;1;130;328282;1713.26;2070.82;1320.47;1321.88;3793;100.6;4;REGIONAL BOA VISTA;5022916;5
2015;55;ATUBA;13;56;9;132;265980;1713.26;2070.82;1320.47;1321.88;3793;100.6;4;REGIONAL BOA VISTA;5365945;5
2016;55;ATUBA;13;56;6;138;278208;1713.26;2070.82;1320.47;1321.88;3793;100.6;4;REGIONAL BOA VISTA;4550111;5
2017;55;ATUBA;13;63;5;121;244057;1713.26;2070.82;1320.47;1321.88;3793;100.6;4;REGIONAL BOA VISTA;4661287;5
2018;55;ATUBA;13;108;4;203;203;1713.26;2070.82;1320.47;1321.88;3793;100.6;4;REGIONAL BOA VISTA;21187;5
2019;55;ATUBA;13;56;5;143;143;1713.26;2070.82;1320.47;1321.88;3793;100.6;4;REGIONAL BOA VISTA;28270;5
2020;55;ATUBA;13;248;12;497;497;1713.26;2070.82;1320.47;1321.88;3793;100.6;4;REGIONAL BOA VISTA;28270;5
2021;55;ATUBA;13;156;6;339;339;1713.26;2070.82;1320.47;1321.88;3793;100.6;4;REGIONAL BOA VISTA;28270;5
2022;55;ATUBA;13;109;9;352;352;1713.26;2070.82;1320.47;1321.88;3793;100.6;4;REGIONAL BOA VISTA;28270;5
2012;68;AUGUSTA;12;31;2;1;166996;1091.75;1284.17;855.29;248.96;713;2072.48;11;REGIONAL CIC;2512988;5
2013;68;AUGUSTA;12;66;1;12;227469;1091.75;1284.17;855.29;248.96;713;2072.48;11;REGIONAL CIC;3110085;5
2014;68;AUGUSTA;12;41;7;70;187302;1091.75;1284.17;855.29;248.96;713;2072.48;11;REGIONAL CIC;3816530;5
2015;68;AUGUSTA;12;37;1;91;183365;1091.75;1284.17;855.29;248.96;713;2072.48;11;REGIONAL CIC;4052164;5
2016;68;AUGUSTA;12;34;11;130;262080;1091.75;1284.17;855.29;248.96;713;2072.48;11;REGIONAL CIC;11768921;5
2017;68;AUGUSTA;12;76;15;137;276329;1091.75;1284.17;855.29;248.96;713;2072.48;11;REGIONAL CIC;3461172;5
2018;68;AUGUSTA;12;66;2;148;148;1091.75;1284.17;855.29;248.96;713;2072.48;11;REGIONAL CIC;15885;5
2019;68;AUGUSTA;12;65;2;121;121;1091.75;1284.17;855.29;248.96;713;2072.48;11;REGIONAL CIC;12058;5
2020;68;AUGUSTA;12;102;3;226;226;1091.75;1284.17;855.29;248.96;713;2072.48;11;REGIONAL CIC;12058;5
2021;68;AUGUSTA;12;67;5;157;157;1091.75;1284.17;855.29;248.96;713;2072.48;11;REGIONAL CIC;12058;5
2022;68;AUGUSTA;12;37;1;85;85;1091.75;1284.17;855.29;248.96;713;2072.48;11;REGIONAL CIC;12058;5
2012;35;BACACHERI;20;366;20;7;1034168;3016.98;3714.43;2318.2;1183.83;10153;189.01;4;REGIONAL BOA VISTA;4492796;5
2013;35;BACACHERI;20;345;38;101;1018577;3016.98;3714.43;2318.2;1183.83;10153;189.01;4;REGIONAL BOA VISTA;5680685;5
2014;35;BACACHERI;20;281;30;325;940538;3016.98;3714.43;2318.2;1183.83;10153;189.01;4;REGIONAL BOA VISTA;5022916;5
2015;35;BACACHERI;20;313;38;493;993395;3016.98;3714.43;2318.2;1183.83;10153;189.01;4;REGIONAL BOA VISTA;5365945;5
2016;35;BACACHERI;20;280;26;427;860832;3016.98;3714.43;2318.2;1183.83;10153;189.01;4;REGIONAL BOA VISTA;4550111;5
2017;35;BACACHERI;20;330;26;453;913701;3016.98;3714.43;2318.2;1183.83;10153;189.01;4;REGIONAL BOA VISTA;4661287;5
2018;35;BACACHERI;20;299;35;469;469;3016.98;3714.43;2318.2;1183.83;10153;189.01;4;REGIONAL BOA VISTA;28270;5
2019;35;BACACHERI;20;310;22;494;494;3016.98;3714.43;2318.2;1183.83;10153;189.01;4;REGIONAL BOA VISTA;28270;5
2020;35;BACACHERI;20;456;19;1057;1057;3016.98;3714.43;2318.2;1183.83;10153;189.01;4;REGIONAL BOA VISTA;28270;5
2021;35;BACACHERI;20;307;22;750;750;3016.98;3714.43;2318.2;1183.83;10153;189.01;4;REGIONAL BOA VISTA;28270;5
2022;35;BACACHERI;20;346;18;781;781;3016.98;3714.43;2318.2;1183.83;10153;189.01;4;REGIONAL BOA VISTA;28270;5
2012;36;BAIRRO ALTO;22;42;6;4;434592;1555.88;1839.42;1253.86;2771.53;10561;40.2;4;REGIONAL BOA VISTA;4492796;5
2013;36;BAIRRO ALTO;22;83;5;70;579744;1555.88;1839.42;1253.86;2771.53;10561;40.2;4;REGIONAL BOA VISTA;5680685;5
2014;36;BAIRRO ALTO;22;51;5;165;422940;1555.88;1839.42;1253.86;2771.53;10561;40.2;4;REGIONAL BOA VISTA;5022916;5
2015;36;BAIRRO ALTO;22;91;6;254;511810;1555.88;1839.42;1253.86;2771.53;10561;40.2;4;REGIONAL BOA VISTA;5365945;5
2016;36;BAIRRO ALTO;22;71;13;185;372960;1555.88;1839.42;1253.86;2771.53;10561;40.2;4;REGIONAL BOA VISTA;4550111;5
2017;36;BAIRRO ALTO;22;104;6;205;415502;1555.88;1839.42;1253.86;2771.53;10561;40.2;4;REGIONAL BOA VISTA;4661287;5
2018;36;BAIRRO ALTO;22;78;5;203;203;1555.88;1839.42;1253.86;2771.53;10561;40.2;4;REGIONAL BOA VISTA;26789;5
2019;36;BAIRRO ALTO;22;91;7;231;231;1555.88;1839.42;1253.86;2771.53;10561;40.2;4;REGIONAL BOA VISTA;28270;5
2020;36;BAIRRO ALTO;22;113;15;652;652;1555.88;1839.42;1253.86;2771.53;10561;40.2;4;REGIONAL BOA VISTA;28270;5
2021;36;BAIRRO ALTO;22;130;18;585;585;1555.88;1839.42;1253.86;2771.53;10561;40.2;4;REGIONAL BOA VISTA;28270;5
2022;36;BAIRRO ALTO;22;107;15;592;592;1555.88;1839.42;1253.86;2771.53;10561;40.2;4;REGIONAL BOA VISTA;28270;5
2012;52;BARREIRINHA;9;92;6;5;378256;1600.64;1897.36;1308.65;2824.86;4530;105.91;4;REGIONAL BOA VISTA;4492796;5
2013;52;BARREIRINHA;9;139;11;52;471042;1600.64;1897.36;1308.65;2824.86;4530;105.91;4;REGIONAL BOA VISTA;5680685;5
2014;52;BARREIRINHA;9;143;10;184;511556;1600.64;1897.36;1308.65;2824.86;4530;105.91;4;REGIONAL BOA VISTA;5022916;5
2015;52;BARREIRINHA;9;133;15;235;473525;1600.64;1897.36;1308.65;2824.86;4530;105.91;4;REGIONAL BOA VISTA;5365945;5
2016;52;BARREIRINHA;9;80;9;152;306432;1600.64;1897.36;1308.65;2824.86;4530;105.91;4;REGIONAL BOA VISTA;4550111;5
2017;52;BARREIRINHA;9;104;2;171;344907;1600.64;1897.36;1308.65;2824.86;4530;105.91;4;REGIONAL BOA VISTA;4661287;5
2018;52;BARREIRINHA;9;73;8;143;143;1600.64;1897.36;1308.65;2824.86;4530;105.91;4;REGIONAL BOA VISTA;26789;5
2019;52;BARREIRINHA;9;87;11;175;175;1600.64;1897.36;1308.65;2824.86;4530;105.91;4;REGIONAL BOA VISTA;28270;5
2020;52;BARREIRINHA;9;93;15;423;423;1600.64;1897.36;1308.65;2824.86;4530;105.91;4;REGIONAL BOA VISTA;28270;5
2021;52;BARREIRINHA;9;83;5;336;336;1600.64;1897.36;1308.65;2824.86;4530;105.91;4;REGIONAL BOA VISTA;28270;5
2022;52;BARREIRINHA;9;90;9;390;390;1600.64;1897.36;1308.65;2824.86;4530;105.91;4;REGIONAL BOA VISTA;28270;5
2012;10;BATEL;11;19;5;7;199188;6187.41;8271.7;4290.79;855.17;11178;176.4;1;REGIONAL MATRIZ;12253080;9
2013;10;BATEL;11;46;6;47;416691;6187.41;8271.7;4290.79;855.17;11178;176.4;1;REGIONAL MATRIZ;15375294;9
2014;10;BATEL;11;38;5;133;358492;6187.41;8271.7;4290.79;855.17;11178;176.4;1;REGIONAL MATRIZ;15278204;9
2015;10;BATEL;11;65;12;206;415090;6187.41;8271.7;4290.79;855.17;11178;176.4;1;REGIONAL MATRIZ;15138695;9
2016;10;BATEL;11;29;6;165;332640;6187.41;8271.7;4290.79;855.17;11178;176.4;1;REGIONAL MATRIZ;11337984;9
2017;10;BATEL;11;38;17;175;352975;6187.41;8271.7;4290.79;855.17;11178;176.4;1;REGIONAL MATRIZ;13747872;9
2018;10;BATEL;11;64;22;352;352;6187.41;8271.7;4290.79;855.17;11178;176.4;1;REGIONAL MATRIZ;21187;9
2019;10;BATEL;11;83;12;348;348;6187.41;8271.7;4290.79;855.17;11178;176.4;1;REGIONAL MATRIZ;71450;9
2020;10;BATEL;11;70;4;579;579;6187.41;8271.7;4290.79;855.17;11178;176.4;1;REGIONAL MATRIZ;71450;9
2021;10;BATEL;11;99;17;694;694;6187.41;8271.7;4290.79;855.17;11178;176.4;1;REGIONAL MATRIZ;71450;9
2022;10;BATEL;11;50;12;493;493;6187.41;8271.7;4290.79;855.17;11178;176.4;1;REGIONAL MATRIZ;71450;9
2012;11;BIGORRILHO;5;38;7;1;372220;4952.38;6449.79;3549.69;3061.03;10619;70.69;1;REGIONAL MATRIZ;12253080;9
2013;11;BIGORRILHO;5;46;18;54;521367;4952.38;6449.79;3549.69;3061.03;10619;70.69;1;REGIONAL MATRIZ;15375294;9
2014;11;BIGORRILHO;5;100;26;240;666634;4952.38;6449.79;3549.69;3061.03;10619;70.69;1;REGIONAL MATRIZ;15278204;9
2015;11;BIGORRILHO;5;75;10;319;642785;4952.38;6449.79;3549.69;3061.03;10619;70.69;1;REGIONAL MATRIZ;15138695;9
2016;11;BIGORRILHO;5;58;11;222;447552;4952.38;6449.79;3549.69;3061.03;10619;70.69;1;REGIONAL MATRIZ;11337984;9
2017;11;BIGORRILHO;5;153;10;321;647457;4952.38;6449.79;3549.69;3061.03;10619;70.69;1;REGIONAL MATRIZ;13747872;9
2018;11;BIGORRILHO;5;56;16;316;316;4952.38;6449.79;3549.69;3061.03;10619;70.69;1;REGIONAL MATRIZ;71450;9
2019;11;BIGORRILHO;5;80;15;394;394;4952.38;6449.79;3549.69;3061.03;10619;70.69;1;REGIONAL MATRIZ;71450;9
2020;11;BIGORRILHO;5;80;13;618;618;4952.38;6449.79;3549.69;3061.03;10619;70.69;1;REGIONAL MATRIZ;71450;9
2021;11;BIGORRILHO;5;55;18;574;574;4952.38;6449.79;3549.69;3061.03;10619;70.69;1;REGIONAL MATRIZ;71450;9
2022;11;BIGORRILHO;5;47;21;514;514;4952.38;6449.79;3549.69;3061.03;10619;70.69;1;REGIONAL MATRIZ;71450;9
2012;34;BOA VISTA;12;94;4;6;486904;2174.57;2639.13;1721.7;4693.1;9459;38.54;4;REGIONAL BOA VISTA;4492796;5
2013;34;BOA VISTA;12;142;12;71;700524;2174.57;2639.13;1721.7;4693.1;9459;38.54;4;REGIONAL BOA VISTA;5680685;5
2014;34;BOA VISTA;12;171;8;242;648508;2174.57;2639.13;1721.7;4693.1;9459;38.54;4;REGIONAL BOA VISTA;5022916;5
2015;34;BOA VISTA;12;155;14;333;670995;2174.57;2639.13;1721.7;4693.1;9459;38.54;4;REGIONAL BOA VISTA;5365945;5
2016;34;BOA VISTA;12;133;19;291;586656;2174.57;2639.13;1721.7;4693.1;9459;38.54;4;REGIONAL BOA VISTA;4550111;5
2017;34;BOA VISTA;12;158;15;266;536522;2174.57;2639.13;1721.7;4693.1;9459;38.54;4;REGIONAL BOA VISTA;4661287;5
2018;34;BOA VISTA;12;120;6;242;242;2174.57;2639.13;1721.7;4693.1;9459;38.54;4;REGIONAL BOA VISTA;26789;5
2019;34;BOA VISTA;12;129;9;477;477;2174.57;2639.13;1721.7;4693.1;9459;38.54;4;REGIONAL BOA VISTA;28270;5
2020;34;BOA VISTA;12;97;12;586;586;2174.57;2639.13;1721.7;4693.1;9459;38.54;4;REGIONAL BOA VISTA;28270;5
2021;34;BOA VISTA;12;86;15;562;562;2174.57;2639.13;1721.7;4693.1;9459;38.54;4;REGIONAL BOA VISTA;28270;5
2022;34;BOA VISTA;12;97;15;608;608;2174.57;2639.13;1721.7;4693.1;9459;38.54;4;REGIONAL BOA VISTA;28270;5
2012;13;BOM RETIRO;2;5;1;6;104624;2934.14;3603.34;2285.04;6035.79;2829;37.09;1;REGIONAL MATRIZ;12253080;9
2013;13;BOM RETIRO;2;9;1;11;128832;2934.14;3603.34;2285.04;6035.79;2829;37.09;1;REGIONAL MATRIZ;15375294;9
2014;13;BOM RETIRO;2;4;1;32;82574;2934.14;3603.34;2285.04;6035.79;2829;37.09;1;REGIONAL MATRIZ;15278204;9
2015;13;BOM RETIRO;2;13;0;47;94705;2934.14;3603.34;2285.04;6035.79;2829;37.09;1;REGIONAL MATRIZ;15138695;9
2016;13;BOM RETIRO;2;7;0;25;50400;2934.14;3603.34;2285.04;6035.79;2829;37.09;1;REGIONAL MATRIZ;11337984;9
2017;13;BOM RETIRO;2;15;1;45;90765;2934.14;3603.34;2285.04;6035.79;2829;37.09;1;REGIONAL MATRIZ;13747872;9
2018;13;BOM RETIRO;2;5;1;40;40;2934.14;3603.34;2285.04;6035.79;2829;37.09;1;REGIONAL MATRIZ;12058;9
2019;13;BOM RETIRO;2;4;1;37;37;2934.14;3603.34;2285.04;6035.79;2829;37.09;1;REGIONAL MATRIZ;71450;9
2020;13;BOM RETIRO;2;4;2;66;66;2934.14;3603.34;2285.04;6035.79;2829;37.09;1;REGIONAL MATRIZ;71450;9
2021;13;BOM RETIRO;2;12;0;97;97;2934.14;3603.34;2285.04;6035.79;2829;37.09;1;REGIONAL MATRIZ;71450;9
2022;13;BOM RETIRO;2;5;1;80;80;2934.14;3603.34;2285.04;6035.79;2829;37.09;1;REGIONAL MATRIZ;71450;9
2012;56;BOQUEIRAO;54;577;39;16;1891279;1602.85;1915.23;1257.86;996.68;20496;125.05;2;REGIONAL BOQUEIRAO;3806703;3
2013;56;BOQUEIRAO;54;515;39;228;2025078;1602.85;1915.23;1257.86;996.68;20496;125.05;2;REGIONAL BOQUEIRAO;4368210;3
2014;56;BOQUEIRAO;54;515;35;731;2034140;1602.85;1915.23;1257.86;996.68;20496;125.05;2;REGIONAL BOQUEIRAO;5010832;3
2015;56;BOQUEIRAO;54;669;17;1028;2071420;1602.85;1915.23;1257.86;996.68;20496;125.05;2;REGIONAL BOQUEIRAO;5015334;3
2016;56;BOQUEIRAO;54;794;33;1122;2261952;1602.85;1915.23;1257.86;996.68;20496;125.05;2;REGIONAL BOQUEIRAO;4908960;3
2017;56;BOQUEIRAO;54;884;31;1210;2440570;1602.85;1915.23;1257.86;996.68;20496;125.05;2;REGIONAL BOQUEIRAO;4929548;3
2018;56;BOQUEIRAO;54;656;21;1115;1115;1602.85;1915.23;1257.86;996.68;20496;125.05;2;REGIONAL BOQUEIRAO;15885;3
2019;56;BOQUEIRAO;54;727;41;1282;1282;1602.85;1915.23;1257.86;996.68;20496;125.05;2;REGIONAL BOQUEIRAO;20564;3
2020;56;BOQUEIRAO;54;929;66;2547;2546;1602.85;1915.23;1257.86;996.68;20496;125.05;2;REGIONAL BOQUEIRAO;20564;3
2021;56;BOQUEIRAO;54;1217;55;2616;2616;1602.85;1915.23;1257.86;996.68;20496;125.05;2;REGIONAL BOQUEIRAO;20564;3
2022;56;BOQUEIRAO;54;840;67;2176;2176;1602.85;1915.23;1257.86;996.68;20496;125.05;2;REGIONAL BOQUEIRAO;20564;3
2012;61;BUTIATUVINHA;7;19;1;2;124744;1771.74;2153.43;1317.42;685.06;2350;661.11;5;REGIONAL SANTA FELICIDADE;3329859;3
2013;61;BUTIATUVINHA;7;26;3;25;177144;1771.74;2153.43;1317.42;685.06;2350;661.11;5;REGIONAL SANTA FELICIDADE;4104507;3
2014;61;BUTIATUVINHA;7;36;0;105;265848;1771.74;2153.43;1317.42;685.06;2350;661.11;5;REGIONAL SANTA FELICIDADE;4320030;3
2015;61;BUTIATUVINHA;7;15;2;60;120900;1771.74;2153.43;1317.42;685.06;2350;661.11;5;REGIONAL SANTA FELICIDADE;4001790;3
2016;61;BUTIATUVINHA;7;15;4;74;149184;1771.74;2153.43;1317.42;685.06;2350;661.11;5;REGIONAL SANTA FELICIDADE;3169151;3
2017;61;BUTIATUVINHA;7;15;2;92;185564;1771.74;2153.43;1317.42;685.06;2350;661.11;5;REGIONAL SANTA FELICIDADE;3041636;3
2018;61;BUTIATUVINHA;7;23;4;97;97;1771.74;2153.43;1317.42;685.06;2350;661.11;5;REGIONAL SANTA FELICIDADE;13530;3
2019;61;BUTIATUVINHA;7;6;5;93;93;1771.74;2153.43;1317.42;685.06;2350;661.11;5;REGIONAL SANTA FELICIDADE;21187;3
2020;61;BUTIATUVINHA;7;13;5;199;1;1771.74;2153.43;1317.42;685.06;2350;661.11;5;REGIONAL SANTA FELICIDADE;21187;3
2021;61;BUTIATUVINHA;7;35;2;221;221;1771.74;2153.43;1317.42;685.06;2350;661.11;5;REGIONAL SANTA FELICIDADE;21187;3
2022;61;BUTIATUVINHA;7;16;2;204;204;1771.74;2153.43;1317.42;685.06;2350;661.11;5;REGIONAL SANTA FELICIDADE;21187;3
2012;16;CABRAL;4;114;11;4;327956;4669.13;5805.9;3602.77;7180.3;4220;29.48;1;REGIONAL MATRIZ;12253080;9
2013;16;CABRAL;4;125;14;38;356301;4669.13;5805.9;3602.77;7180.3;4220;29.48;1;REGIONAL MATRIZ;15375294;9
2014;16;CABRAL;4;129;7;152;398772;4669.13;5805.9;3602.77;7180.3;4220;29.48;1;REGIONAL MATRIZ;15278204;9
2015;16;CABRAL;4;158;9;219;441285;4669.13;5805.9;3602.77;7180.3;4220;29.48;1;REGIONAL MATRIZ;15138695;9
2016;16;CABRAL;4;101;6;145;292320;4669.13;5805.9;3602.77;7180.3;4220;29.48;1;REGIONAL MATRIZ;11337984;9
2017;16;CABRAL;4;77;6;114;229938;4669.13;5805.9;3602.77;7180.3;4220;29.48;1;REGIONAL MATRIZ;13747872;9
2018;16;CABRAL;4;122;14;169;169;4669.13;5805.9;3602.77;7180.3;4220;29.48;1;REGIONAL MATRIZ;71450;9
2019;16;CABRAL;4;110;24;181;181;4669.13;5805.9;3602.77;7180.3;4220;29.48;1;REGIONAL MATRIZ;71450;9
2020;16;CABRAL;4;50;5;131;199;4669.13;5805.9;3602.77;7180.3;4220;29.48;1;REGIONAL MATRIZ;71450;9
2021;16;CABRAL;4;92;11;216;216;4669.13;5805.9;3602.77;7180.3;4220;29.48;1;REGIONAL MATRIZ;71450;9
2022;16;CABRAL;4;107;8;274;274;4669.13;5805.9;3602.77;7180.3;4220;29.48;1;REGIONAL MATRIZ;71450;9
2012;51;CACHOEIRA;6;14;2;0;68408;1172.91;1377.28;949.74;15858.07;1367;29.63;4;REGIONAL BOA VISTA;4492796;5
2013;51;CACHOEIRA;6;31;4;13;130845;1172.91;1377.28;949.74;15858.07;1367;29.63;4;REGIONAL BOA VISTA;5680685;5
2014;51;CACHOEIRA;6;15;4;30;90630;1172.91;1377.28;949.74;15858.07;1367;29.63;4;REGIONAL BOA VISTA;5022916;5
2015;51;CACHOEIRA;6;13;0;44;88660;1172.91;1377.28;949.74;15858.07;1367;29.63;4;REGIONAL BOA VISTA;5365945;5
2016;51;CACHOEIRA;6;9;3;29;58464;1172.91;1377.28;949.74;15858.07;1367;29.63;4;REGIONAL BOA VISTA;4550111;5
2017;51;CACHOEIRA;6;19;0;43;86731;1172.91;1377.28;949.74;15858.07;1367;29.63;4;REGIONAL BOA VISTA;4661287;5
2018;51;CACHOEIRA;6;31;0;62;62;1172.91;1377.28;949.74;15858.07;1367;29.63;4;REGIONAL BOA VISTA;71450;5
2019;51;CACHOEIRA;6;10;3;39;39;1172.91;1377.28;949.74;15858.07;1367;29.63;4;REGIONAL BOA VISTA;28270;5
2020;51;CACHOEIRA;6;26;4;143;131;1172.91;1377.28;949.74;15858.07;1367;29.63;4;REGIONAL BOA VISTA;28270;5
2021;51;CACHOEIRA;6;24;7;123;123;1172.91;1377.28;949.74;15858.07;1367;29.63;4;REGIONAL BOA VISTA;28270;5
2022;51;CACHOEIRA;6;24;4;109;109;1172.91;1377.28;949.74;15858.07;1367;29.63;4;REGIONAL BOA VISTA;28270;5
2012;21;CAJURU;60;435;30;12;1696116;1275.31;1483.75;1043.74;643.85;17206;131.73;3;REGIONAL CAJURU;3613552;2
2013;21;CAJURU;60;504;51;243;2270664;1275.31;1483.75;1043.74;643.85;17206;131.73;3;REGIONAL CAJURU;4160871;2
2014;21;CAJURU;60;553;58;889;2368464;1275.31;1483.75;1043.74;643.85;17206;131.73;3;REGIONAL CAJURU;4545598;2
2015;21;CAJURU;60;611;75;1242;2502630;1275.31;1483.75;1043.74;643.85;17206;131.73;3;REGIONAL CAJURU;4412850;2
2016;21;CAJURU;60;606;75;1158;2334527;1275.31;1483.75;1043.74;643.85;17206;131.73;3;REGIONAL CAJURU;4068287;2
2017;21;CAJURU;60;723;63;1151;2321567;1275.31;1483.75;1043.74;643.85;17206;131.73;3;REGIONAL CAJURU;4090476;2
2018;21;CAJURU;60;677;54;1288;1288;1275.31;1483.75;1043.74;643.85;17206;131.73;3;REGIONAL CAJURU;11313;2
2019;21;CAJURU;60;809;69;1656;1656;1275.31;1483.75;1043.74;643.85;17206;131.73;3;REGIONAL CAJURU;15885;2
2020;21;CAJURU;60;846;72;2541;143;1275.31;1483.75;1043.74;643.85;17206;131.73;3;REGIONAL CAJURU;15885;2
2021;21;CAJURU;60;863;70;2240;2240;1275.31;1483.75;1043.74;643.85;17206;131.73;3;REGIONAL CAJURU;15885;2
2022;21;CAJURU;60;636;56;1759;1759;1275.31;1483.75;1043.74;643.85;17206;131.73;3;REGIONAL CAJURU;15885;2
2012;30;CAMPINA DO SIQUEIRA;4;97;9;0;287716;3083.02;3825.3;2346.19;2708.82;3049;58.13;5;REGIONAL SANTA FELICIDADE;3329859;3
2013;30;CAMPINA DO SIQUEIRA;4;139;9;38;412665;3083.02;3825.3;2346.19;2708.82;3049;58.13;5;REGIONAL SANTA FELICIDADE;4104507;3
2014;30;CAMPINA DO SIQUEIRA;4;168;10;179;493430;3083.02;3825.3;2346.19;2708.82;3049;58.13;5;REGIONAL SANTA FELICIDADE;4320030;3
2015;30;CAMPINA DO SIQUEIRA;4;142;10;214;431210;3083.02;3825.3;2346.19;2708.82;3049;58.13;5;REGIONAL SANTA FELICIDADE;4001790;3
2016;30;CAMPINA DO SIQUEIRA;4;104;5;184;370943;3083.02;3825.3;2346.19;2708.82;3049;58.13;5;REGIONAL SANTA FELICIDADE;3169151;3
2017;30;CAMPINA DO SIQUEIRA;4;118;14;206;415502;3083.02;3825.3;2346.19;2708.82;3049;58.13;5;REGIONAL SANTA FELICIDADE;3041636;3
2018;30;CAMPINA DO SIQUEIRA;4;98;10;214;214;3083.02;3825.3;2346.19;2708.82;3049;58.13;5;REGIONAL SANTA FELICIDADE;21187;3
2019;30;CAMPINA DO SIQUEIRA;4;99;8;182;182;3083.02;3825.3;2346.19;2708.82;3049;58.13;5;REGIONAL SANTA FELICIDADE;21187;3
2020;30;CAMPINA DO SIQUEIRA;4;143;2;300;2541;3083.02;3825.3;2346.19;2708.82;3049;58.13;5;REGIONAL SANTA FELICIDADE;21187;3
2021;30;CAMPINA DO SIQUEIRA;4;117;7;272;272;3083.02;3825.3;2346.19;2708.82;3049;58.13;5;REGIONAL SANTA FELICIDADE;21187;3
2022;30;CAMPINA DO SIQUEIRA;4;66;6;281;281;3083.02;3825.3;2346.19;2708.82;3049;58.13;5;REGIONAL SANTA FELICIDADE;21187;3
2012;44;CAMPO COMPRIDO;16;148;5;3;505012;2486.19;3100.81;1865.59;722.17;6623;582.65;5;REGIONAL SANTA FELICIDADE;3329859;3
2013;44;CAMPO COMPRIDO;16;145;9;60;628056;2486.19;3100.81;1865.59;722.17;6623;582.65;5;REGIONAL SANTA FELICIDADE;4104507;3
2014;44;CAMPO COMPRIDO;16;139;14;211;588088;2486.19;3100.81;1865.59;722.17;6623;582.65;5;REGIONAL SANTA FELICIDADE;4320030;3
2015;44;CAMPO COMPRIDO;16;109;7;269;542035;2486.19;3100.81;1865.59;722.17;6623;582.65;5;REGIONAL SANTA FELICIDADE;4001790;3
2016;44;CAMPO COMPRIDO;16;94;3;196;395136;2486.19;3100.81;1865.59;722.17;6623;582.65;5;REGIONAL SANTA FELICIDADE;3169151;3
2017;44;CAMPO COMPRIDO;16;96;8;188;379196;2486.19;3100.81;1865.59;722.17;6623;582.65;5;REGIONAL SANTA FELICIDADE;3041636;3
2018;44;CAMPO COMPRIDO;16;84;4;189;189;2486.19;3100.81;1865.59;722.17;6623;582.65;5;REGIONAL SANTA FELICIDADE;71450;3
2019;44;CAMPO COMPRIDO;16;110;4;244;244;2486.19;3100.81;1865.59;722.17;6623;582.65;5;REGIONAL SANTA FELICIDADE;21187;3
2020;44;CAMPO COMPRIDO;16;85;5;504;300;2486.19;3100.81;1865.59;722.17;6623;582.65;5;REGIONAL SANTA FELICIDADE;21187;3
2021;44;CAMPO COMPRIDO;16;153;11;608;608;2486.19;3100.81;1865.59;722.17;6623;582.65;5;REGIONAL SANTA FELICIDADE;21187;3
2022;44;CAMPO COMPRIDO;16;125;3;564;564;2486.19;3100.81;1865.59;722.17;6623;582.65;5;REGIONAL SANTA FELICIDADE;21187;3
2012;71;CAMPO DE SANTANA;25;34;2;0;235403;948.02;1100.8;755.64;718.58;3080;430.51;12;REGIONAL TATUQUARA;987891;1
2013;71;CAMPO DE SANTANA;25;48;3;39;450912;948.02;1100.8;755.64;718.58;3080;430.51;12;REGIONAL TATUQUARA;192152172;1
2014;71;CAMPO DE SANTANA;25;87;2;147;374604;948.02;1100.8;755.64;718.58;3080;430.51;12;REGIONAL TATUQUARA;1407786;1
2015;71;CAMPO DE SANTANA;25;101;6;222;447330;948.02;1100.8;755.64;718.58;3080;430.51;12;REGIONAL TATUQUARA;1555580;1
2016;71;CAMPO DE SANTANA;25;95;10;244;491904;948.02;1100.8;755.64;718.58;3080;430.51;12;REGIONAL TATUQUARA;1719648;1
2017;71;CAMPO DE SANTANA;25;100;8;216;435672;948.02;1100.8;755.64;718.58;3080;430.51;12;REGIONAL TATUQUARA;1587379;1
2018;71;CAMPO DE SANTANA;25;122;8;277;277;948.02;1100.8;755.64;718.58;3080;430.51;12;REGIONAL TATUQUARA;13530;1
2019;71;CAMPO DE SANTANA;25;125;9;291;291;948.02;1100.8;755.64;718.58;3080;430.51;8;REGIONAL TATUQUARA;13530;1
2020;71;CAMPO DE SANTANA;25;190;16;704;504;948.02;1100.8;755.64;718.58;3080;430.51;8;REGIONAL TATUQUARA;13530;1
2021;71;CAMPO DE SANTANA;25;174;0;644;644;948.02;1100.8;755.64;718.58;3080;430.51;8;REGIONAL TATUQUARA;13530;1
2022;71;CAMPO DE SANTANA;25;175;13;597;597;948.02;1100.8;755.64;718.58;3080;430.51;8;REGIONAL TATUQUARA;13530;1
2012;20;CAPAO DA IMBUIA;9;88;3;5;470808;1766.95;2096.46;1427;11554.46;5651;7.75;3;REGIONAL CAJURU;3613552;2
2013;20;CAPAO DA IMBUIA;9;69;4;27;310002;1766.95;2096.46;1427;11554.46;5651;7.75;3;REGIONAL CAJURU;4160871;2
2014;20;CAPAO DA IMBUIA;9;67;6;145;364534;1766.95;2096.46;1427;11554.46;5651;7.75;3;REGIONAL CAJURU;4545598;2
2015;20;CAPAO DA IMBUIA;9;125;12;237;477555;1766.95;2096.46;1427;11554.46;5651;7.75;3;REGIONAL CAJURU;4412850;2
2016;20;CAPAO DA IMBUIA;9;138;8;204;411264;1766.95;2096.46;1427;11554.46;5651;7.75;3;REGIONAL CAJURU;4068287;2
2017;20;CAPAO DA IMBUIA;9;116;6;192;387264;1766.95;2096.46;1427;11554.46;5651;7.75;3;REGIONAL CAJURU;4090476;2
2018;20;CAPAO DA IMBUIA;9;110;1;188;188;1766.95;2096.46;1427;11554.46;5651;7.75;3;REGIONAL CAJURU;15885;2
2019;20;CAPAO DA IMBUIA;9;95;7;190;190;1766.95;2096.46;1427;11554.46;5651;7.75;3;REGIONAL CAJURU;15885;2
2020;20;CAPAO DA IMBUIA;9;183;11;467;704;1766.95;2096.46;1427;11554.46;5651;7.75;3;REGIONAL CAJURU;15885;2
2021;20;CAPAO DA IMBUIA;9;166;11;400;400;1766.95;2096.46;1427;11554.46;5651;7.75;3;REGIONAL CAJURU;15885;2
2022;20;CAPAO DA IMBUIA;9;130;14;337;337;1766.95;2096.46;1427;11554.46;5651;7.75;3;REGIONAL CAJURU;15885;2
2012;58;CAPAO RASO;24;267;44;0;929544;1583.19;1864.56;1273.1;1396.04;10065;47.5;8;REGIONAL PINHEIRINHO;2605540;2
2013;58;CAPAO RASO;24;296;37;92;1072929;1583.19;1864.56;1273.1;1396.04;10065;47.5;8;REGIONAL PINHEIRINHO;199592220;2
2014;58;CAPAO RASO;24;335;44;480;1305072;1583.19;1864.56;1273.1;1396.04;10065;47.5;8;REGIONAL PINHEIRINHO;3778264;2
2015;58;CAPAO RASO;24;401;53;668;1346018;1583.19;1864.56;1273.1;1396.04;10065;47.5;8;REGIONAL PINHEIRINHO;3814393;2
2016;58;CAPAO RASO;24;393;40;576;1161216;1583.19;1864.56;1273.1;1396.04;10065;47.5;8;REGIONAL PINHEIRINHO;2886912;2
2017;58;CAPAO RASO;24;288;33;438;883446;1583.19;1864.56;1273.1;1396.04;10065;47.5;8;REGIONAL PINHEIRINHO;2166258;2
2018;58;CAPAO RASO;24;304;45;498;498;1583.19;1864.56;1273.1;1396.04;10065;47.5;8;REGIONAL PINHEIRINHO;21187;2
2019;58;CAPAO RASO;24;239;39;520;520;1583.19;1864.56;1273.1;1396.04;10065;47.5;8;REGIONAL PINHEIRINHO;13530;2
2020;58;CAPAO RASO;24;434;62;1542;467;1583.19;1864.56;1273.1;1396.04;10065;47.5;8;REGIONAL PINHEIRINHO;13530;2
2021;58;CAPAO RASO;24;398;51;1505;1505;1583.19;1864.56;1273.1;1396.04;10065;47.5;8;REGIONAL PINHEIRINHO;13530;2
2022;58;CAPAO RASO;24;376;56;1021;1021;1583.19;1864.56;1273.1;1396.04;10065;47.5;8;REGIONAL PINHEIRINHO;13530;2
2012;47;CASCATINHA;1;0;1;0;18108;3062.88;3923.69;2143.41;60315.14;608;8.81;5;REGIONAL SANTA FELICIDADE;3329859;3
2013;47;CASCATINHA;1;0;1;3;26169;3062.88;3923.69;2143.41;60315.14;608;8.81;5;REGIONAL SANTA FELICIDADE;4104507;3
2014;47;CASCATINHA;1;7;0;19;46322;3062.88;3923.69;2143.41;60315.14;608;8.81;5;REGIONAL SANTA FELICIDADE;4320030;3
2015;47;CASCATINHA;1;5;0;24;48360;3062.88;3923.69;2143.41;60315.14;608;8.81;5;REGIONAL SANTA FELICIDADE;4001790;3
2016;47;CASCATINHA;1;21;1;25;50400;3062.88;3923.69;2143.41;60315.14;608;8.81;5;REGIONAL SANTA FELICIDADE;3169151;3
2017;47;CASCATINHA;1;5;0;21;42357;3062.88;3923.69;2143.41;60315.14;608;8.81;5;REGIONAL SANTA FELICIDADE;3041636;3
2018;47;CASCATINHA;1;4;0;12;12;3062.88;3923.69;2143.41;60315.14;608;8.81;5;REGIONAL SANTA FELICIDADE;71450;3
2019;47;CASCATINHA;1;4;0;20;20;3062.88;3923.69;2143.41;60315.14;608;8.81;5;REGIONAL SANTA FELICIDADE;21187;3
2020;47;CASCATINHA;1;7;0;41;1542;3062.88;3923.69;2143.41;60315.14;608;8.81;5;REGIONAL SANTA FELICIDADE;21187;3
2021;47;CASCATINHA;1;9;0;59;59;3062.88;3923.69;2143.41;60315.14;608;8.81;5;REGIONAL SANTA FELICIDADE;21187;3
2022;47;CASCATINHA;1;14;0;47;47;3062.88;3923.69;2143.41;60315.14;608;8.81;5;REGIONAL SANTA FELICIDADE;21187;3
2012;70;CAXIMBA;6;5;0;0;28168;896.94;1011.41;730.66;2931.27;143;115.19;12;REGIONAL TATUQUARA;987891;1
2013;70;CAXIMBA;6;12;0;7;46299;896.94;1011.41;730.66;2931.27;143;115.19;12;REGIONAL TATUQUARA;192152172;1
2014;70;CAXIMBA;6;15;0;19;46322;896.94;1011.41;730.66;2931.27;143;115.19;12;REGIONAL TATUQUARA;1407786;1
2015;70;CAXIMBA;6;18;1;23;46345;896.94;1011.41;730.66;2931.27;143;115.19;12;REGIONAL TATUQUARA;1555580;1
2016;70;CAXIMBA;6;17;0;23;46368;896.94;1011.41;730.66;2931.27;143;115.19;12;REGIONAL TATUQUARA;1719648;1
2017;70;CAXIMBA;6;15;0;44;88748;896.94;1011.41;730.66;2931.27;143;115.19;12;REGIONAL TATUQUARA;1587379;1
2018;70;CAXIMBA;6;24;0;35;35;896.94;1011.41;730.66;2931.27;143;115.19;12;REGIONAL TATUQUARA;71450;1
2019;70;CAXIMBA;6;23;0;52;52;896.94;1011.41;730.66;2931.27;143;115.19;8;REGIONAL TATUQUARA;13530;1
2020;70;CAXIMBA;6;9;0;80;41;896.94;1011.41;730.66;2931.27;143;115.19;8;REGIONAL TATUQUARA;13530;1
2021;70;CAXIMBA;6;26;0;99;99;896.94;1011.41;730.66;2931.27;143;115.19;8;REGIONAL TATUQUARA;13530;1
2022;70;CAXIMBA;6;34;1;79;79;896.94;1011.41;730.66;2931.27;143;115.19;8;REGIONAL TATUQUARA;13530;1
2012;1;CENTRO;22;1171;272;75;6786476;3089.91;3708.16;2551.36;13828.66;5652;6.51;1;REGIONAL MATRIZ;12253080;9
2013;1;CENTRO;22;1303;414;846;7731933;3089.91;3708.16;2551.36;13828.66;5652;6.51;1;REGIONAL MATRIZ;15375294;9
2014;1;CENTRO;22;1532;404;2825;7896894;3089.91;3708.16;2551.36;13828.66;5652;6.51;1;REGIONAL MATRIZ;15278204;9
2015;1;CENTRO;22;1597;285;3885;7828275;3089.91;3708.16;2551.36;13828.66;5652;6.51;1;REGIONAL MATRIZ;15138695;9
2016;1;CENTRO;22;1087;221;2796;5636736;3089.91;3708.16;2551.36;13828.66;5652;6.51;1;REGIONAL MATRIZ;11337984;9
2017;1;CENTRO;22;1441;229;3508;7075636;3089.91;3708.16;2551.36;13828.66;5652;6.51;1;REGIONAL MATRIZ;13747872;9
2018;1;CENTRO;22;1065;360;4026;4026;3089.91;3708.16;2551.36;13828.66;5652;6.51;1;REGIONAL MATRIZ;20564;9
2019;1;CENTRO;22;1535;807;9801;9801;3089.91;3708.16;2551.36;13828.66;5652;6.51;1;REGIONAL MATRIZ;71450;9
2020;1;CENTRO;22;1138;703;10615;80;3089.91;3708.16;2551.36;13828.66;5652;6.51;1;REGIONAL MATRIZ;71450;9
2021;1;CENTRO;22;916;618;10640;10640;3089.91;3708.16;2551.36;13828.66;5652;6.51;1;REGIONAL MATRIZ;71450;9
2022;1;CENTRO;22;1000;514;8078;8078;3089.91;3708.16;2551.36;13828.66;5652;6.51;1;REGIONAL MATRIZ;71450;9
2012;3;CENTRO CIVICO;4;87;10;5;348076;3979.43;4947.16;3190.38;9613.68;41184;23.05;1;REGIONAL MATRIZ;12253080;9
2013;3;CENTRO CIVICO;4;119;9;45;460977;3979.43;4947.16;3190.38;9613.68;41184;23.05;1;REGIONAL MATRIZ;15375294;9
2014;3;CENTRO CIVICO;4;102;7;177;457178;3979.43;4947.16;3190.38;9613.68;41184;23.05;1;REGIONAL MATRIZ;15278204;9
2015;3;CENTRO CIVICO;4;108;7;197;396955;3979.43;4947.16;3190.38;9613.68;41184;23.05;1;REGIONAL MATRIZ;15138695;9
2016;3;CENTRO CIVICO;4;70;8;160;322560;3979.43;4947.16;3190.38;9613.68;41184;23.05;1;REGIONAL MATRIZ;11337984;9
2017;3;CENTRO CIVICO;4;102;8;209;421553;3979.43;4947.16;3190.38;9613.68;41184;23.05;1;REGIONAL MATRIZ;13747872;9
2018;3;CENTRO CIVICO;4;95;9;285;285;3979.43;4947.16;3190.38;9613.68;41184;23.05;1;REGIONAL MATRIZ;71450;9
2019;3;CENTRO CIVICO;4;99;15;452;452;3979.43;4947.16;3190.38;9613.68;41184;23.05;1;REGIONAL MATRIZ;71450;9
2020;3;CENTRO CIVICO;4;110;1;818;10614;3979.43;4947.16;3190.38;9613.68;41184;23.05;1;REGIONAL MATRIZ;71450;9
2021;3;CENTRO CIVICO;4;204;17;904;904;3979.43;4947.16;3190.38;9613.68;41184;23.05;1;REGIONAL MATRIZ;71450;9
2022;3;CENTRO CIVICO;4;91;7;708;708;3979.43;4947.16;3190.38;9613.68;41184;23.05;1;REGIONAL MATRIZ;71450;9
2012;75;CIDADE INDUSTRIAL DE CURITIBA;145;477;36;58;2283620;1137.65;1330.4;923.9;58.19;29665;3620.03;11;REGIONAL CIC;2512988;5
2013;75;CIDADE INDUSTRIAL DE CURITIBA;145;558;47;313;2775927;1137.65;1330.4;923.9;58.19;29665;3620.03;11;REGIONAL CIC;3110085;5
2014;75;CIDADE INDUSTRIAL DE CURITIBA;145;695;71;1259;3518458;1137.65;1330.4;923.9;58.19;29665;3620.03;11;REGIONAL CIC;3816530;5
2015;75;CIDADE INDUSTRIAL DE CURITIBA;145;834;86;1866;3759989;1137.65;1330.4;923.9;58.19;29665;3620.03;11;REGIONAL CIC;4052164;5
2016;75;CIDADE INDUSTRIAL DE CURITIBA;145;640;71;1366;2753856;1137.65;1330.4;923.9;58.19;29665;3620.03;11;REGIONAL CIC;11768921;5
2017;75;CIDADE INDUSTRIAL DE CURITIBA;145;782;66;1497;3019449;1137.65;1330.4;923.9;58.19;29665;3620.03;11;REGIONAL CIC;3461172;5
2018;75;CIDADE INDUSTRIAL DE CURITIBA;145;797;64;1726;1726;1137.65;1330.4;923.9;58.19;29665;3620.03;11;REGIONAL CIC;21187;5
2019;75;CIDADE INDUSTRIAL DE CURITIBA;145;712;60;1609;1609;1137.65;1330.4;923.9;58.19;29665;3620.03;11;REGIONAL CIC;12058;5
2020;75;CIDADE INDUSTRIAL DE CURITIBA;145;710;14;3688;1;1137.65;1330.4;923.9;58.19;29665;3620.03;11;REGIONAL CIC;12058;5
2021;75;CIDADE INDUSTRIAL DE CURITIBA;145;1272;222;4581;4581;1137.65;1330.4;923.9;58.19;29665;3620.03;11;REGIONAL CIC;12058;5
2022;75;CIDADE INDUSTRIAL DE CURITIBA;145;825;179;3559;3559;1137.65;1330.4;923.9;58.19;29665;3620.03;11;REGIONAL CIC;12058;5
2012;6;CRISTO REI;3;3;0;0;211260;3711.95;4523.23;2962.76;7608.97;4709;21.06;1;REGIONAL MATRIZ;12253080;9
2013;6;CRISTO REI;3;21;11;30;265716;3711.95;4523.23;2962.76;7608.97;4709;21.06;1;REGIONAL MATRIZ;15375294;9
2014;6;CRISTO REI;3;21;4;71;189316;3711.95;4523.23;2962.76;7608.97;4709;21.06;1;REGIONAL MATRIZ;15278204;9
2015;6;CRISTO REI;3;48;6;108;217620;3711.95;4523.23;2962.76;7608.97;4709;21.06;1;REGIONAL MATRIZ;15138695;9
2016;6;CRISTO REI;3;45;5;92;185472;3711.95;4523.23;2962.76;7608.97;4709;21.06;1;REGIONAL MATRIZ;11337984;9
2017;6;CRISTO REI;3;7;1;57;114969;3711.95;4523.23;2962.76;7608.97;4709;21.06;1;REGIONAL MATRIZ;13747872;9
2018;6;CRISTO REI;3;11;3;73;73;3711.95;4523.23;2962.76;7608.97;4709;21.06;1;REGIONAL MATRIZ;20564;9
2019;6;CRISTO REI;3;34;3;131;131;3711.95;4523.23;2962.76;7608.97;4709;21.06;1;REGIONAL MATRIZ;71450;9
2020;6;CRISTO REI;3;28;95;213;818;3711.95;4523.23;2962.76;7608.97;4709;21.06;1;REGIONAL MATRIZ;71450;9
2021;6;CRISTO REI;3;35;8;261;261;3711.95;4523.23;2962.76;7608.97;4709;21.06;1;REGIONAL MATRIZ;71450;9
2022;6;CRISTO REI;3;25;4;156;156;3711.95;4523.23;2962.76;7608.97;4709;21.06;1;REGIONAL MATRIZ;71450;9
2012;39;FANNY;4;9;2;1;100600;1844.16;2163.11;1501.26;7112.38;3139;10.61;8;REGIONAL PINHEIRINHO;2605540;2
2013;39;FANNY;4;8;3;24;150975;1844.16;2163.11;1501.26;7112.38;3139;10.61;8;REGIONAL PINHEIRINHO;199592220;2
2014;39;FANNY;4;4;6;75;193344;1844.16;2163.11;1501.26;7112.38;3139;10.61;8;REGIONAL PINHEIRINHO;3778264;2
2015;39;FANNY;4;16;4;95;191425;1844.16;2163.11;1501.26;7112.38;3139;10.61;8;REGIONAL PINHEIRINHO;3814393;2
2016;39;FANNY;4;21;5;71;143136;1844.16;2163.11;1501.26;7112.38;3139;10.61;8;REGIONAL PINHEIRINHO;2886912;2
2017;39;FANNY;4;3;1;45;90765;1844.16;2163.11;1501.26;7112.38;3139;10.61;8;REGIONAL PINHEIRINHO;2166258;2
2018;39;FANNY;4;10;4;66;66;1844.16;2163.11;1501.26;7112.38;3139;10.61;8;REGIONAL PINHEIRINHO;28270;2
2019;39;FANNY;4;22;4;71;71;1844.16;2163.11;1501.26;7112.38;3139;10.61;7;REGIONAL PINHEIRINHO;26789;2
2020;39;FANNY;4;34;12;198;3688;1844.16;2163.11;1501.26;7112.38;3139;10.61;7;REGIONAL PINHEIRINHO;26789;2
2021;39;FANNY;4;45;6;166;166;1844.16;2163.11;1501.26;7112.38;3139;10.61;7;REGIONAL PINHEIRINHO;26789;2
2022;39;FANNY;4;41;12;163;163;1844.16;2163.11;1501.26;7112.38;3139;10.61;7;REGIONAL PINHEIRINHO;26789;2
2012;42;FAZENDINHA;21;396;21;3;1014048;1379.68;1614.03;1119.5;2441.67;6533;47.23;7;REGIONAL PORTAO;3408328;5
2013;42;FAZENDINHA;21;367;29;103;998448;1379.68;1614.03;1119.5;2441.67;6533;47.23;7;REGIONAL PORTAO;4255482;5
2014;42;FAZENDINHA;21;402;44;472;1214442;1379.68;1614.03;1119.5;2441.67;6533;47.23;7;REGIONAL PORTAO;4382464;5
2015;42;FAZENDINHA;21;316;50;563;1134444;1379.68;1614.03;1119.5;2441.67;6533;47.23;7;REGIONAL PORTAO;4654649;5
2016;42;FAZENDINHA;21;280;37;444;895104;1379.68;1614.03;1119.5;2441.67;6533;47.23;7;REGIONAL PORTAO;4048128;5
2017;42;FAZENDINHA;21;299;27;423;853191;1379.68;1614.03;1119.5;2441.67;6533;47.23;7;REGIONAL PORTAO;3654804;5
2018;42;FAZENDINHA;21;255;21;407;407;1379.68;1614.03;1119.5;2441.67;6533;47.23;7;REGIONAL PORTAO;71450;5
2019;42;FAZENDINHA;21;319;21;515;515;1379.68;1614.03;1119.5;2441.67;6533;47.23;7;REGIONAL PORTAO;26789;5
2020;42;FAZENDINHA;21;363;12;778;213;1379.68;1614.03;1119.5;2441.67;6533;47.23;7;REGIONAL PORTAO;26789;5
2021;42;FAZENDINHA;21;470;15;880;880;1379.68;1614.03;1119.5;2441.67;6533;47.23;7;REGIONAL PORTAO;26789;5
2022;42;FAZENDINHA;21;240;18;564;564;1379.68;1614.03;1119.5;2441.67;6533;47.23;7;REGIONAL PORTAO;26789;5
2012;72;GANCHINHO;9;13;0;0;100600;949.09;1108.38;746.55;1377.82;1108;317.34;10;REGIONAL BAIRRO NOVO;2748392;3
2013;72;GANCHINHO;9;16;2;19;177144;949.09;1108.38;746.55;1377.82;1108;317.34;10;REGIONAL BAIRRO NOVO;3063786;3
2014;72;GANCHINHO;9;22;1;79;193344;949.09;1108.38;746.55;1377.82;1108;317.34;10;REGIONAL BAIRRO NOVO;3309002;3
2015;72;GANCHINHO;9;35;9;126;253890;949.09;1108.38;746.55;1377.82;1108;317.34;10;REGIONAL BAIRRO NOVO;3435575;3
2016;72;GANCHINHO;9;47;5;116;233856;949.09;1108.38;746.55;1377.82;1108;317.34;10;REGIONAL BAIRRO NOVO;3439295;3
2017;72;GANCHINHO;9;40;4;91;183547;949.09;1108.38;746.55;1377.82;1108;317.34;10;REGIONAL BAIRRO NOVO;3255438;3
2018;72;GANCHINHO;9;43;6;100;100;949.09;1108.38;746.55;1377.82;1108;317.34;10;REGIONAL BAIRRO NOVO;15885;3
2019;72;GANCHINHO;9;64;8;141;141;949.09;1108.38;746.55;1377.82;1108;317.34;10;REGIONAL BAIRRO NOVO;11313;3
2020;72;GANCHINHO;9;83;26;316;198;949.09;1108.38;746.55;1377.82;1108;317.34;10;REGIONAL BAIRRO NOVO;11313;3
2021;72;GANCHINHO;9;39;24;307;307;949.09;1108.38;746.55;1377.82;1108;317.34;10;REGIONAL BAIRRO NOVO;11313;3
2022;72;GANCHINHO;9;45;15;198;198;949.09;1108.38;746.55;1377.82;1108;317.34;10;REGIONAL BAIRRO NOVO;11313;3
2012;23;GUABIROTUBA;4;15;3;5;344052;2488.2;3049.94;1866.58;18933.21;3648;7;3;REGIONAL CAJURU;3613552;2
2013;23;GUABIROTUBA;4;20;8;32;386496;2488.2;3049.94;1866.58;18933.21;3648;7;3;REGIONAL CAJURU;4160871;2
2014;23;GUABIROTUBA;4;11;4;235;632396;2488.2;3049.94;1866.58;18933.21;3648;7;3;REGIONAL CAJURU;4545598;2
2015;23;GUABIROTUBA;4;18;3;208;419120;2488.2;3049.94;1866.58;18933.21;3648;7;3;REGIONAL CAJURU;4412850;2
2016;23;GUABIROTUBA;4;26;1;146;294336;2488.2;3049.94;1866.58;18933.21;3648;7;3;REGIONAL CAJURU;4068287;2
2017;23;GUABIROTUBA;4;33;4;154;310618;2488.2;3049.94;1866.58;18933.21;3648;7;3;REGIONAL CAJURU;4090476;2
2018;23;GUABIROTUBA;4;30;2;121;121;2488.2;3049.94;1866.58;18933.21;3648;7;3;REGIONAL CAJURU;71450;2
2019;23;GUABIROTUBA;4;37;3;130;130;2488.2;3049.94;1866.58;18933.21;3648;7;3;REGIONAL CAJURU;15885;2
2020;23;GUABIROTUBA;4;46;21;620;778;2488.2;3049.94;1866.58;18933.21;3648;7;3;REGIONAL CAJURU;15885;2
2021;23;GUABIROTUBA;4;51;10;412;412;2488.2;3049.94;1866.58;18933.21;3648;7;3;REGIONAL CAJURU;15885;2
2022;23;GUABIROTUBA;4;41;3;300;300;2488.2;3049.94;1866.58;18933.21;3648;7;3;REGIONAL CAJURU;15885;2
2012;26;GUAIRA;10;35;4;1;205224;1696.24;2009.47;1358.27;13181.82;3729;7.01;7;REGIONAL PORTAO;3408328;5
2013;26;GUAIRA;10;72;10;33;330132;1696.24;2009.47;1358.27;13181.82;3729;7.01;7;REGIONAL PORTAO;4255482;5
2014;26;GUAIRA;10;49;9;104;277932;1696.24;2009.47;1358.27;13181.82;3729;7.01;7;REGIONAL PORTAO;4382464;5
2015;26;GUAIRA;10;29;6;120;241800;1696.24;2009.47;1358.27;13181.82;3729;7.01;7;REGIONAL PORTAO;4654649;5
2016;26;GUAIRA;10;98;5;191;385056;1696.24;2009.47;1358.27;13181.82;3729;7.01;7;REGIONAL PORTAO;4048128;5
2017;26;GUAIRA;10;117;8;177;357009;1696.24;2009.47;1358.27;13181.82;3729;7.01;7;REGIONAL PORTAO;3654804;5
2018;26;GUAIRA;10;116;5;217;217;1696.24;2009.47;1358.27;13181.82;3729;7.01;7;REGIONAL PORTAO;26789;5
2019;26;GUAIRA;10;63;4;105;105;1696.24;2009.47;1358.27;13181.82;3729;7.01;7;REGIONAL PORTAO;26789;5
2020;26;GUAIRA;10;40;14;214;316;1696.24;2009.47;1358.27;13181.82;3729;7.01;7;REGIONAL PORTAO;26789;5
2021;26;GUAIRA;10;127;17;396;396;1696.24;2009.47;1358.27;13181.82;3729;7.01;7;REGIONAL PORTAO;26789;5
2022;26;GUAIRA;10;105;26;411;411;1696.24;2009.47;1358.27;13181.82;3729;7.01;7;REGIONAL PORTAO;26789;5
2012;38;HAUER;8;81;9;2;309848;1869.35;2009.47;1358.27;2815.04;7002;39.47;2;REGIONAL BOQUEIRAO;3806703;3
2013;38;HAUER;8;113;11;57;446886;1869.35;2219.66;1511.36;2815.04;7002;39.47;2;REGIONAL BOQUEIRAO;4368210;3
2014;38;HAUER;8;142;5;178;477318;1869.35;2219.66;1511.36;2815.04;7002;39.47;2;REGIONAL BOQUEIRAO;5010832;3
2015;38;HAUER;8;149;12;240;483600;1869.35;2219.66;1511.36;2815.04;7002;39.47;2;REGIONAL BOQUEIRAO;5015334;3
2016;38;HAUER;8;212;6;284;572544;1869.35;2219.66;1511.36;2815.04;7002;39.47;2;REGIONAL BOQUEIRAO;4908960;3
2017;38;HAUER;8;179;5;227;457859;1869.35;2219.66;1511.36;2815.04;7002;39.47;2;REGIONAL BOQUEIRAO;4929548;3
2018;38;HAUER;8;135;7;210;210;1869.35;2219.66;1511.36;2815.04;7002;39.47;2;REGIONAL BOQUEIRAO;71450;3
2019;38;HAUER;8;156;8;279;279;1869.35;2219.66;1511.36;2815.04;7002;39.47;2;REGIONAL BOQUEIRAO;20564;3
2020;38;HAUER;8;156;7;546;620;1869.35;2219.66;1511.36;2815.04;7002;39.47;2;REGIONAL BOQUEIRAO;20564;3
2021;38;HAUER;8;125;14;480;480;1869.35;2219.66;1511.36;2815.04;7002;39.47;2;REGIONAL BOQUEIRAO;20564;3
2022;38;HAUER;8;130;11;516;516;1869.35;2219.66;1511.36;2815.04;7002;39.47;2;REGIONAL BOQUEIRAO;20564;3
2012;17;HUGO LANGE;3;1;1;0;32192;4391.36;5528.35;3253.35;24726.27;2194;9.32;1;REGIONAL MATRIZ;12253080;9
2013;17;HUGO LANGE;3;0;2;8;42273;4391.36;5528.35;3253.35;24726.27;2194;9.32;1;REGIONAL MATRIZ;15375294;9
2014;17;HUGO LANGE;3;2;6;26;72504;4391.36;5528.35;3253.35;24726.27;2194;9.32;1;REGIONAL MATRIZ;15278204;9
2015;17;HUGO LANGE;3;28;2;55;110825;4391.36;5528.35;3253.35;24726.27;2194;9.32;1;REGIONAL MATRIZ;15138695;9
2016;17;HUGO LANGE;3;16;2;49;98784;4391.36;5528.35;3253.35;24726.27;2194;9.32;1;REGIONAL MATRIZ;11337984;9
2017;17;HUGO LANGE;3;17;4;31;62527;4391.36;5528.35;3253.35;24726.27;2194;9.32;1;REGIONAL MATRIZ;13747872;9
2018;17;HUGO LANGE;3;9;1;22;22;4391.36;5528.35;3253.35;24726.27;2194;9.32;1;REGIONAL MATRIZ;20564;9
2019;17;HUGO LANGE;3;0;1;20;20;4391.36;5528.35;3253.35;24726.27;2194;9.32;1;REGIONAL MATRIZ;71450;9
2020;17;HUGO LANGE;3;3;12;90;214;4391.36;5528.35;3253.35;24726.27;2194;9.32;1;REGIONAL MATRIZ;71450;9
2021;17;HUGO LANGE;3;6;3;125;125;4391.36;5528.35;3253.35;24726.27;2194;9.32;1;REGIONAL MATRIZ;71450;9
2022;17;HUGO LANGE;3;8;1;45;45;4391.36;5528.35;3253.35;24726.27;2194;9.32;1;REGIONAL MATRIZ;71450;9
2012;7;JARDIM BOTANICO;7;136;17;0;478856;2492.19;3014.8;2003.92;18575.36;2035;11.99;1;REGIONAL MATRIZ;12253080;9
2013;7;JARDIM BOTANICO;7;173;24;81;714615;2492.19;3014.8;2003.92;18575.36;2035;11.99;1;REGIONAL MATRIZ;15375294;9
2014;7;JARDIM BOTANICO;7;215;23;278;741152;2492.19;3014.8;2003.92;18575.36;2035;11.99;1;REGIONAL MATRIZ;15278204;9
2015;7;JARDIM BOTANICO;7;248;21;372;749580;2492.19;3014.8;2003.92;18575.36;2035;11.99;1;REGIONAL MATRIZ;15138695;9
2016;7;JARDIM BOTANICO;7;231;10;341;687456;2492.19;3014.8;2003.92;18575.36;2035;11.99;1;REGIONAL MATRIZ;11337984;9
2017;7;JARDIM BOTANICO;7;296;21;428;863276;2492.19;3014.8;2003.92;18575.36;2035;11.99;1;REGIONAL MATRIZ;13747872;9
2018;7;JARDIM BOTANICO;7;424;32;549;549;2492.19;3014.8;2003.92;18575.36;2035;11.99;1;REGIONAL MATRIZ;28270;9
2019;7;JARDIM BOTANICO;7;625;37;901;901;2492.19;3014.8;2003.92;18575.36;2035;11.99;1;REGIONAL MATRIZ;71450;9
2020;7;JARDIM BOTANICO;7;573;35;905;546;2492.19;3014.8;2003.92;18575.36;2035;11.99;1;REGIONAL MATRIZ;71450;9
2021;7;JARDIM BOTANICO;7;764;65;1390;1390;2492.19;3014.8;2003.92;18575.36;2035;11.99;1;REGIONAL MATRIZ;71450;9
2022;7;JARDIM BOTANICO;7;603;62;1131;1131;2492.19;3014.8;2003.92;18575.36;2035;11.99;1;REGIONAL MATRIZ;71450;9
2012;22;JARDIM DAS AMERICAS;7;32;2;0;245464;3062.9;3783.95;2256.1;5145.34;4887;25.5;3;REGIONAL CAJURU;3613552;2
2013;22;JARDIM DAS AMERICAS;7;34;4;23;301950;3062.9;3783.95;2256.1;5145.34;4887;25.5;3;REGIONAL CAJURU;4160871;2
2014;22;JARDIM DAS AMERICAS;7;15;2;91;247722;3062.9;3783.95;2256.1;5145.34;4887;25.5;3;REGIONAL CAJURU;4545598;2
2015;22;JARDIM DAS AMERICAS;7;25;4;97;195455;3062.9;3783.95;2256.1;5145.34;4887;25.5;3;REGIONAL CAJURU;4412850;2
2016;22;JARDIM DAS AMERICAS;7;13;6;75;151200;3062.9;3783.95;2256.1;5145.34;4887;25.5;3;REGIONAL CAJURU;4068287;2
2017;22;JARDIM DAS AMERICAS;7;30;4;69;139173;3062.9;3783.95;2256.1;5145.34;4887;25.5;3;REGIONAL CAJURU;4090476;2
2018;22;JARDIM DAS AMERICAS;7;27;4;109;109;3062.9;3783.95;2256.1;5145.34;4887;25.5;3;REGIONAL CAJURU;13530;2
2019;22;JARDIM DAS AMERICAS;7;21;3;128;128;3062.9;3783.95;2256.1;5145.34;4887;25.5;3;REGIONAL CAJURU;15885;2
2020;22;JARDIM DAS AMERICAS;7;25;5;367;90;3062.9;3783.95;2256.1;5145.34;4887;25.5;3;REGIONAL CAJURU;15885;2
2021;22;JARDIM DAS AMERICAS;7;16;5;324;324;3062.9;3783.95;2256.1;5145.34;4887;25.5;3;REGIONAL CAJURU;15885;2
2022;22;JARDIM DAS AMERICAS;7;13;7;305;305;3062.9;3783.95;2256.1;5145.34;4887;25.5;3;REGIONAL CAJURU;15885;2
2012;18;JARDIM SOCIAL;5;13;1;0;46276;4779.28;6180.89;3306.99;22962.76;1555;10.15;1;REGIONAL MATRIZ;12253080;9
2013;18;JARDIM SOCIAL;5;8;2;4;86559;4779.28;6180.89;3306.99;22962.76;1555;10.15;1;REGIONAL MATRIZ;15375294;9
2014;18;JARDIM SOCIAL;5;7;1;24;56392;4779.28;6180.89;3306.99;22962.76;1555;10.15;1;REGIONAL MATRIZ;15278204;9
2015;18;JARDIM SOCIAL;5;5;1;31;62465;4779.28;6180.89;3306.99;22962.76;1555;10.15;1;REGIONAL MATRIZ;15138695;9
2016;18;JARDIM SOCIAL;5;8;0;22;44352;4779.28;6180.89;3306.99;22962.76;1555;10.15;1;REGIONAL MATRIZ;11337984;9
2017;18;JARDIM SOCIAL;5;13;0;28;56476;4779.28;6180.89;3306.99;22962.76;1555;10.15;1;REGIONAL MATRIZ;13747872;9
2018;18;JARDIM SOCIAL;5;38;1;63;63;4779.28;6180.89;3306.99;22962.76;1555;10.15;1;REGIONAL MATRIZ;71450;9
2019;18;JARDIM SOCIAL;5;17;2;48;48;4779.28;6180.89;3306.99;22962.76;1555;10.15;1;REGIONAL MATRIZ;71450;9
2020;18;JARDIM SOCIAL;5;30;1;76;905;4779.28;6180.89;3306.99;22962.76;1555;10.15;1;REGIONAL MATRIZ;71450;9
2021;18;JARDIM SOCIAL;5;31;0;92;92;4779.28;6180.89;3306.99;22962.76;1555;10.15;1;REGIONAL MATRIZ;71450;9
2022;18;JARDIM SOCIAL;5;32;0;61;61;4779.28;6180.89;3306.99;22962.76;1555;10.15;1;REGIONAL MATRIZ;71450;9
2012;15;JUVEVE;4;7;3;1;92552;4445.87;5670.4;3406.86;3943.9;5705;36.37;1;REGIONAL MATRIZ;12253080;9
2013;15;JUVEVE;4;8;2;16;100650;4445.87;5670.4;3406.86;3943.9;5705;36.37;1;REGIONAL MATRIZ;15375294;9
2014;15;JUVEVE;4;5;6;31;88616;4445.87;5670.4;3406.86;3943.9;5705;36.37;1;REGIONAL MATRIZ;15278204;9
2015;15;JUVEVE;4;8;1;53;106795;4445.87;5670.4;3406.86;3943.9;5705;36.37;1;REGIONAL MATRIZ;15138695;9
2016;15;JUVEVE;4;19;0;35;70560;4445.87;5670.4;3406.86;3943.9;5705;36.37;1;REGIONAL MATRIZ;11337984;9
2017;15;JUVEVE;4;22;1;46;92782;4445.87;5670.4;3406.86;3943.9;5705;36.37;1;REGIONAL MATRIZ;13747872;9
2018;15;JUVEVE;4;32;3;60;60;4445.87;5670.4;3406.86;3943.9;5705;36.37;1;REGIONAL MATRIZ;28270;9
2019;15;JUVEVE;4;13;2;56;56;4445.87;5670.4;3406.86;3943.9;5705;36.37;1;REGIONAL MATRIZ;71450;9
2020;15;JUVEVE;4;10;2;136;367;4445.87;5670.4;3406.86;3943.9;5705;36.37;1;REGIONAL MATRIZ;71450;9
2021;15;JUVEVE;4;6;6;213;213;4445.87;5670.4;3406.86;3943.9;5705;36.37;1;REGIONAL MATRIZ;71450;9
2022;15;JUVEVE;4;9;2;119;119;4445.87;5670.4;3406.86;3943.9;5705;36.37;1;REGIONAL MATRIZ;71450;9
2012;62;LAMENHA PEQUENA;0;0;0;0;4024;1102.01;1224.72;966.33;1219.94;147;494.47;5;REGIONAL SANTA FELICIDADE;3329859;3
2013;62;LAMENHA PEQUENA;0;0;0;1;4026;1102.01;1224.72;966.33;1219.94;147;494.47;5;REGIONAL SANTA FELICIDADE;4104507;3
2014;62;LAMENHA PEQUENA;0;0;0;14;30210;1102.01;1224.72;966.33;1219.94;147;494.47;5;REGIONAL SANTA FELICIDADE;4320030;3
2015;62;LAMENHA PEQUENA;0;0;1;5;10075;1102.01;1224.72;966.33;1219.94;147;494.47;5;REGIONAL SANTA FELICIDADE;4001790;3
2016;62;LAMENHA PEQUENA;0;0;0;4;8064;1102.01;1224.72;966.33;1219.94;147;494.47;5;REGIONAL SANTA FELICIDADE;3169151;3
2017;62;LAMENHA PEQUENA;0;0;0;2;4034;1102.01;1224.72;966.33;1219.94;147;494.47;5;REGIONAL SANTA FELICIDADE;3041636;3
2018;62;LAMENHA PEQUENA;0;0;0;9;9;1102.01;1224.72;966.33;1219.94;147;494.47;5;REGIONAL SANTA FELICIDADE;26789;3
2019;62;LAMENHA PEQUENA;0;0;0;2;2;1102.01;1224.72;966.33;1219.94;147;494.47;5;REGIONAL SANTA FELICIDADE;21187;3
2020;62;LAMENHA PEQUENA;0;0;0;5;76;1102.01;1224.72;966.33;1219.94;147;494.47;5;REGIONAL SANTA FELICIDADE;21187;3
2021;62;LAMENHA PEQUENA;0;0;0;7;7;1102.01;1224.72;966.33;1219.94;147;494.47;5;REGIONAL SANTA FELICIDADE;21187;3
2022;62;LAMENHA PEQUENA;0;0;0;14;14;1102.01;1224.72;966.33;1219.94;147;494.47;5;REGIONAL SANTA FELICIDADE;21187;3
2012;40;LINDOIA;6;10;1;0;58348;1390.58;1608.88;1157.48;13446.61;1629;6.06;8;REGIONAL PINHEIRINHO;2605540;2
2013;40;LINDOIA;6;23;4;17;138897;1390.58;1608.88;1157.48;13446.61;1629;6.06;8;REGIONAL PINHEIRINHO;199592220;2
2014;40;LINDOIA;6;38;3;51;147022;1390.58;1608.88;1157.48;13446.61;1629;6.06;8;REGIONAL PINHEIRINHO;3778264;2
2015;40;LINDOIA;6;56;9;92;185380;1390.58;1608.88;1157.48;13446.61;1629;6.06;8;REGIONAL PINHEIRINHO;3814393;2
2016;40;LINDOIA;6;42;3;59;118944;1390.58;1608.88;1157.48;13446.61;1629;6.06;8;REGIONAL PINHEIRINHO;2886912;2
2017;40;LINDOIA;6;23;1;32;64544;1390.58;1608.88;1157.48;13446.61;1629;6.06;8;REGIONAL PINHEIRINHO;2166258;2
2018;40;LINDOIA;6;25;2;48;48;1390.58;1608.88;1157.48;13446.61;1629;6.06;8;REGIONAL PINHEIRINHO;28270;2
2019;40;LINDOIA;6;58;9;104;104;1390.58;1608.88;1157.48;13446.61;1629;6.06;7;REGIONAL PINHEIRINHO;26789;2
2020;40;LINDOIA;6;56;18;227;136;1390.58;1608.88;1157.48;13446.61;1629;6.06;7;REGIONAL PINHEIRINHO;26789;2
2021;40;LINDOIA;6;38;18;309;309;1390.58;1608.88;1157.48;13446.61;1629;6.06;7;REGIONAL PINHEIRINHO;26789;2
2022;40;LINDOIA;6;38;22;225;225;1390.58;1608.88;1157.48;13446.61;1629;6.06;7;REGIONAL PINHEIRINHO;26789;2
2012;12;MERCES;12;46;6;8;323932;3037.18;3715.7;2404.9;3899.72;6747;81.26;1;REGIONAL MATRIZ;12253080;9
2013;12;MERCES;12;61;6;55;501237;3037.18;3715.7;2404.9;3899.72;6747;81.26;1;REGIONAL MATRIZ;15375294;9
2014;12;MERCES;12;76;6;150;481346;3037.18;3715.7;2404.9;3899.72;6747;81.26;1;REGIONAL MATRIZ;15278204;9
2015;12;MERCES;12;83;5;205;413075;3037.18;3715.7;2404.9;3899.72;6747;81.26;1;REGIONAL MATRIZ;15138695;9
2016;12;MERCES;12;79;5;160;322560;3037.18;3715.7;2404.9;3899.72;6747;81.26;1;REGIONAL MATRIZ;11337984;9
2017;12;MERCES;12;64;2;139;280363;3037.18;3715.7;2404.9;3899.72;6747;81.26;1;REGIONAL MATRIZ;13747872;9
2018;12;MERCES;12;75;6;140;140;3037.18;3715.7;2404.9;3899.72;6747;81.26;1;REGIONAL MATRIZ;26789;9
2019;12;MERCES;12;42;9;178;178;3037.18;3715.7;2404.9;3899.72;6747;81.26;1;REGIONAL MATRIZ;71450;9
2020;12;MERCES;12;60;9;483;5;3037.18;3715.7;2404.9;3899.72;6747;81.26;1;REGIONAL MATRIZ;71450;9
2021;12;MERCES;12;54;14;610;610;3037.18;3715.7;2404.9;3899.72;6747;81.26;1;REGIONAL MATRIZ;71450;9
2022;12;MERCES;12;32;15;399;399;3037.18;3715.7;2404.9;3899.72;6747;81.26;1;REGIONAL MATRIZ;71450;9
2012;45;MOSSUNGUE;3;70;5;2;223332;5039.38;6743.42;3184.37;2766.17;3326;143.15;5;REGIONAL SANTA FELICIDADE;3329859;3
2013;45;MOSSUNGUE;3;73;5;30;233508;5039.38;6743.42;3184.37;2766.17;3326;143.15;5;REGIONAL SANTA FELICIDADE;4104507;3
2014;45;MOSSUNGUE;3;71;2;64;205428;5039.38;6743.42;3184.37;2766.17;3326;143.15;5;REGIONAL SANTA FELICIDADE;4320030;3
2015;45;MOSSUNGUE;3;66;1;86;173290;5039.38;6743.42;3184.37;2766.17;3326;143.15;5;REGIONAL SANTA FELICIDADE;4001790;3
2016;45;MOSSUNGUE;3;54;1;73;147168;5039.38;6743.42;3184.37;2766.17;3326;143.15;5;REGIONAL SANTA FELICIDADE;3169151;3
2017;45;MOSSUNGUE;3;53;0;70;141190;5039.38;6743.42;3184.37;2766.17;3326;143.15;5;REGIONAL SANTA FELICIDADE;3041636;3
2018;45;MOSSUNGUE;3;36;0;69;69;5039.38;6743.42;3184.37;2766.17;3326;143.15;5;REGIONAL SANTA FELICIDADE;71450;3
2019;45;MOSSUNGUE;3;30;2;72;72;5039.38;6743.42;3184.37;2766.17;3326;143.15;5;REGIONAL SANTA FELICIDADE;21187;3
2020;45;MOSSUNGUE;3;43;1;169;227;5039.38;6743.42;3184.37;2766.17;3326;143.15;5;REGIONAL SANTA FELICIDADE;21187;3
2021;45;MOSSUNGUE;3;51;7;219;219;5039.38;6743.42;3184.37;2766.17;3326;143.15;5;REGIONAL SANTA FELICIDADE;21187;3
2022;45;MOSSUNGUE;3;36;1;201;201;5039.38;6743.42;3184.37;2766.17;3326;143.15;5;REGIONAL SANTA FELICIDADE;21187;3
2012;41;NOVO MUNDO;29;176;18;5;728344;1726.69;2058.83;1377.68;2086.39;11040;38.37;8;REGIONAL PINHEIRINHO;2605540;2
2013;41;NOVO MUNDO;29;261;30;88;970266;1726.69;2058.83;1377.68;2086.39;11040;38.37;8;REGIONAL PINHEIRINHO;199592220;2
2014;41;NOVO MUNDO;29;264;19;354;962692;1726.69;2058.83;1377.68;2086.39;11040;38.37;8;REGIONAL PINHEIRINHO;3778264;2
2015;41;NOVO MUNDO;29;278;20;446;898690;1726.69;2058.83;1377.68;2086.39;11040;38.37;8;REGIONAL PINHEIRINHO;3814393;2
2016;41;NOVO MUNDO;29;212;24;317;639072;1726.69;2058.83;1377.68;2086.39;11040;38.37;8;REGIONAL PINHEIRINHO;2886912;2
2017;41;NOVO MUNDO;29;155;14;232;467944;1726.69;2058.83;1377.68;2086.39;11040;38.37;8;REGIONAL PINHEIRINHO;2166258;2
2018;41;NOVO MUNDO;29;146;19;278;278;1726.69;2058.83;1377.68;2086.39;11040;38.37;8;REGIONAL PINHEIRINHO;26789;2
2019;41;NOVO MUNDO;29;157;19;338;338;1726.69;2058.83;1377.68;2086.39;11040;38.37;7;REGIONAL PINHEIRINHO;26789;2
2020;41;NOVO MUNDO;29;144;52;1209;483;1726.69;2058.83;1377.68;2086.39;11040;38.37;7;REGIONAL PINHEIRINHO;26789;2
2021;41;NOVO MUNDO;29;418;141;1652;1652;1726.69;2058.83;1377.68;2086.39;11040;38.37;7;REGIONAL PINHEIRINHO;26789;2
2022;41;NOVO MUNDO;29;251;61;971;971;1726.69;2058.83;1377.68;2086.39;11040;38.37;7;REGIONAL PINHEIRINHO;26789;2
2012;59;ORLEANS;4;0;1;2;68408;1941.71;2310.25;1516.97;14216.8;2193;27.91;5;REGIONAL SANTA FELICIDADE;3329859;3
2013;59;ORLEANS;4;5;0;9;56364;1941.71;2310.25;1516.97;14216.8;2193;27.91;5;REGIONAL SANTA FELICIDADE;4104507;3
2014;59;ORLEANS;4;5;5;27;74518;1941.71;2310.25;1516.97;14216.8;2193;27.91;5;REGIONAL SANTA FELICIDADE;4320030;3
2015;59;ORLEANS;4;16;3;52;104780;1941.71;2310.25;1516.97;14216.8;2193;27.91;5;REGIONAL SANTA FELICIDADE;4001790;3
2016;59;ORLEANS;4;12;6;45;90720;1941.71;2310.25;1516.97;14216.8;2193;27.91;5;REGIONAL SANTA FELICIDADE;3169151;3
2017;59;ORLEANS;4;31;6;58;116986;1941.71;2310.25;1516.97;14216.8;2193;27.91;5;REGIONAL SANTA FELICIDADE;3041636;3
2018;59;ORLEANS;4;52;8;80;80;1941.71;2310.25;1516.97;14216.8;2193;27.91;5;REGIONAL SANTA FELICIDADE;71450;3
2019;59;ORLEANS;4;134;11;224;224;1941.71;2310.25;1516.97;14216.8;2193;27.91;5;REGIONAL SANTA FELICIDADE;21187;3
2020;59;ORLEANS;4;82;3;178;169;1941.71;2310.25;1516.97;14216.8;2193;27.91;5;REGIONAL SANTA FELICIDADE;21187;3
2021;59;ORLEANS;4;79;2;195;195;1941.71;2310.25;1516.97;14216.8;2193;27.91;5;REGIONAL SANTA FELICIDADE;21187;3
2022;59;ORLEANS;4;44;7;225;225;1941.71;2310.25;1516.97;14216.8;2193;27.91;5;REGIONAL SANTA FELICIDADE;21187;3
2012;25;PAROLIN;6;40;2;6;225344;1734.00;2063.59;1368.04;6937.17;3299;10.76;7;REGIONAL PORTAO;3408328;5
2013;25;PAROLIN;6;48;2;22;203313;1734.00;2063.59;1368.04;6937.17;3299;10.76;7;REGIONAL PORTAO;4255482;5
2014;25;PAROLIN;6;93;5;132;324254;1734.00;2063.59;1368.04;6937.17;3299;10.76;7;REGIONAL PORTAO;4382464;5
2015;25;PAROLIN;6;161;4;217;437255;1734.00;2063.59;1368.04;6937.17;3299;10.76;7;REGIONAL PORTAO;4654649;5
2016;25;PAROLIN;6;206;6;274;552384;1734.00;2063.59;1368.04;6937.17;3299;10.76;7;REGIONAL PORTAO;4048128;5
2017;25;PAROLIN;6;116;3;191;385247;1734.00;2063.59;1368.04;6937.17;3299;10.76;7;REGIONAL PORTAO;3654804;5
2018;25;PAROLIN;6;84;4;159;159;1734.00;2063.59;1368.04;6937.17;3299;10.76;7;REGIONAL PORTAO;71450;5
2019;25;PAROLIN;6;61;5;160;160;1734.00;2063.59;1368.04;6937.17;3299;10.76;7;REGIONAL PORTAO;26789;5
2020;25;PAROLIN;6;56;14;344;1209;1734.00;2063.59;1368.04;6937.17;3299;10.76;7;REGIONAL PORTAO;26789;5
2021;25;PAROLIN;6;50;17;383;383;1734.00;2063.59;1368.04;6937.17;3299;10.76;7;REGIONAL PORTAO;26789;5
2022;25;PAROLIN;6;69;14;311;311;1734.00;2063.59;1368.04;6937.17;3299;10.76;7;REGIONAL PORTAO;26789;5
2012;32;PILARZINHO;16;64;3;5;386304;1839.08;2179.65;1474.8;2708.31;6226;122.51;4;REGIONAL BOA VISTA;4492796;5
2013;32;PILARZINHO;16;85;1;72;505263;1839.08;2179.65;1474.8;2708.31;6226;122.51;4;REGIONAL BOA VISTA;5680685;5
2014;32;PILARZINHO;16;64;4;167;449122;1839.08;2179.65;1474.8;2708.31;6226;122.51;4;REGIONAL BOA VISTA;5022916;5
2015;32;PILARZINHO;16;100;7;278;560170;1839.08;2179.65;1474.8;2708.31;6226;122.51;4;REGIONAL BOA VISTA;5365945;5
2016;32;PILARZINHO;16;71;11;248;499967;1839.08;2179.65;1474.8;2708.31;6226;122.51;4;REGIONAL BOA VISTA;4550111;5
2017;32;PILARZINHO;16;90;11;229;461893;1839.08;2179.65;1474.8;2708.31;6226;122.51;4;REGIONAL BOA VISTA;4661287;5
2018;32;PILARZINHO;16;86;12;232;232;1839.08;2179.65;1474.8;2708.31;6226;122.51;4;REGIONAL BOA VISTA;21187;5
2019;32;PILARZINHO;16;125;24;315;315;1839.08;2179.65;1474.8;2708.31;6226;122.51;4;REGIONAL BOA VISTA;28270;5
2020;32;PILARZINHO;16;152;15;481;178;1839.08;2179.65;1474.8;2708.31;6226;122.51;4;REGIONAL BOA VISTA;28270;5
2021;32;PILARZINHO;16;186;16;514;514;1839.08;2179.65;1474.8;2708.31;6226;122.51;4;REGIONAL BOA VISTA;28270;5
2022;32;PILARZINHO;16;162;23;472;472;1839.08;2179.65;1474.8;2708.31;6226;122.51;4;REGIONAL BOA VISTA;28270;5
2012;66;PINHEIRINHO;35;151;14;5;788704;1251.29;1482.88;973.79;547.95;11346;321.91;8;REGIONAL PINHEIRINHO;2605540;2
2013;66;PINHEIRINHO;35;206;17;99;1002474;1251.29;1482.88;973.79;547.95;11346;321.91;8;REGIONAL PINHEIRINHO;199592220;2
2014;66;PINHEIRINHO;35;289;31;449;1170134;1251.29;1482.88;973.79;547.95;11346;321.91;8;REGIONAL PINHEIRINHO;3778264;2
2015;66;PINHEIRINHO;35;273;36;592;1192880;1251.29;1482.88;973.79;547.95;11346;321.91;8;REGIONAL PINHEIRINHO;3814393;2
2016;66;PINHEIRINHO;35;185;25;409;824544;1251.29;1482.88;973.79;547.95;11346;321.91;8;REGIONAL PINHEIRINHO;2886912;2
2017;66;PINHEIRINHO;35;157;18;327;659559;1251.29;1482.88;973.79;547.95;11346;321.91;8;REGIONAL PINHEIRINHO;2166258;2
2018;66;PINHEIRINHO;35;159;17;386;386;1251.29;1482.88;973.79;547.95;11346;321.91;8;REGIONAL PINHEIRINHO;21187;2
2019;66;PINHEIRINHO;35;167;24;410;410;1251.29;1482.88;973.79;547.95;11346;321.91;8;REGIONAL PINHEIRINHO;13530;2
2020;66;PINHEIRINHO;35;171;48;1124;344;1251.29;1482.88;973.79;547.95;11346;321.91;8;REGIONAL PINHEIRINHO;13530;2
2021;66;PINHEIRINHO;35;244;55;1155;1155;1251.29;1482.88;973.79;547.95;11346;321.91;8;REGIONAL PINHEIRINHO;13530;2
2022;66;PINHEIRINHO;35;161;50;875;875;1251.29;1482.88;973.79;547.95;11346;321.91;8;REGIONAL PINHEIRINHO;13530;2
2012;27;PORTAO;18;271;23;3;937592;2575.5;3137.86;2018.55;2160.92;15164;57.09;7;REGIONAL PORTAO;3408328;5
2013;27;PORTAO;18;306;58;137;1211826;2575.5;3137.86;2018.55;2160.92;15164;57.09;7;REGIONAL PORTAO;4255482;5
2014;27;PORTAO;18;352;55;459;1238610;2575.5;3137.86;2018.55;2160.92;15164;57.09;7;REGIONAL PORTAO;4382464;5
2015;27;PORTAO;18;368;73;635;1279525;2575.5;3137.86;2018.55;2160.92;15164;57.09;7;REGIONAL PORTAO;4654649;5
2016;27;PORTAO;18;287;54;495;997920;2575.5;3137.86;2018.55;2160.92;15164;57.09;7;REGIONAL PORTAO;4048128;5
2017;27;PORTAO;18;236;36;403;812851;2575.5;3137.86;2018.55;2160.92;15164;57.09;7;REGIONAL PORTAO;3654804;5
2018;27;PORTAO;18;244;25;485;485;2575.5;3137.86;2018.55;2160.92;15164;57.09;7;REGIONAL PORTAO;12058;5
2019;27;PORTAO;18;258;37;542;542;2575.5;3137.86;2018.55;2160.92;15164;57.09;7;REGIONAL PORTAO;26789;5
2020;27;PORTAO;18;222;25;934;481;2575.5;3137.86;2018.55;2160.92;15164;57.09;7;REGIONAL PORTAO;26789;5
2021;27;PORTAO;18;171;36;889;889;2575.5;3137.86;2018.55;2160.92;15164;57.09;7;REGIONAL PORTAO;26789;5
2022;27;PORTAO;18;220;29;852;852;2575.5;3137.86;2018.55;2160.92;15164;57.09;7;REGIONAL PORTAO;26789;5
2012;24;PRADO VELHO;7;47;10;4;297776;1065.29;1204.92;911.46;162.14;2340;946.05;1;REGIONAL MATRIZ;12253080;9
2013;24;PRADO VELHO;7;66;12;51;342210;1065.29;1204.92;911.46;162.14;2340;946.05;1;REGIONAL MATRIZ;15375294;9
2014;24;PRADO VELHO;7;74;9;147;368562;1065.29;1204.92;911.46;162.14;2340;946.05;1;REGIONAL MATRIZ;15278204;9
2015;24;PRADO VELHO;7;88;3;166;334490;1065.29;1204.92;911.46;162.14;2340;946.05;1;REGIONAL MATRIZ;15138695;9
2016;24;PRADO VELHO;7;96;4;180;362880;1065.29;1204.92;911.46;162.14;2340;946.05;1;REGIONAL MATRIZ;11337984;9
2017;24;PRADO VELHO;7;67;13;137;276329;1065.29;1204.92;911.46;162.14;2340;946.05;1;REGIONAL MATRIZ;13747872;9
2018;24;PRADO VELHO;7;57;6;146;146;1065.29;1204.92;911.46;162.14;2340;946.05;1;REGIONAL MATRIZ;11313;9
2019;24;PRADO VELHO;7;58;3;115;115;1065.29;1204.92;911.46;162.14;2340;946.05;1;REGIONAL MATRIZ;71450;9
2020;24;PRADO VELHO;7;47;6;194;1124;1065.29;1204.92;911.46;162.14;2340;946.05;1;REGIONAL MATRIZ;71450;9
2021;24;PRADO VELHO;7;47;29;291;291;1065.29;1204.92;911.46;162.14;2340;946.05;1;REGIONAL MATRIZ;71450;9
2022;24;PRADO VELHO;7;46;28;416;416;1065.29;1204.92;911.46;162.14;2340;946.05;1;REGIONAL MATRIZ;71450;9
2012;8;REBOUCAS;13;149;17;17;667984;2831.12;3416.36;2281.71;13070.03;9270;8.14;1;REGIONAL MATRIZ;12253080;9
2013;8;REBOUCAS;13;242;32;98;964227;2831.12;3416.36;2281.71;13070.03;9270;8.14;1;REGIONAL MATRIZ;15375294;9
2014;8;REBOUCAS;13;215;27;327;876090;2831.12;3416.36;2281.71;13070.03;9270;8.14;1;REGIONAL MATRIZ;15278204;9
2015;8;REBOUCAS;13;258;21;495;997425;2831.12;3416.36;2281.71;13070.03;9270;8.14;1;REGIONAL MATRIZ;15138695;9
2016;8;REBOUCAS;13;205;14;394;794304;2831.12;3416.36;2281.71;13070.03;9270;8.14;1;REGIONAL MATRIZ;11337984;9
2017;8;REBOUCAS;13;197;25;359;724103;2831.12;3416.36;2281.71;13070.03;9270;8.14;1;REGIONAL MATRIZ;13747872;9
2018;8;REBOUCAS;13;145;26;333;333;2831.12;3416.36;2281.71;13070.03;9270;8.14;1;REGIONAL MATRIZ;12058;9
2019;8;REBOUCAS;13;186;27;527;527;2831.12;3416.36;2281.71;13070.03;9270;8.14;1;REGIONAL MATRIZ;71450;9
2020;8;REBOUCAS;13;211;33;932;934;2831.12;3416.36;2281.71;13070.03;9270;8.14;1;REGIONAL MATRIZ;71450;9
2021;8;REBOUCAS;13;315;62;1420;1420;2831.12;3416.36;2281.71;13070.03;9270;8.14;1;REGIONAL MATRIZ;71450;9
2022;8;REBOUCAS;13;227;58;1240;1240;2831.12;3416.36;2281.71;13070.03;9270;8.14;1;REGIONAL MATRIZ;71450;9
2012;69;RIVIERA;0;0;0;0;6036;1170.29;1300.19;1016.13;17604.51;38;31.32;11;REGIONAL CIC;2512988;5
2013;69;RIVIERA;0;0;0;0;4026;1170.29;1300.19;1016.13;17604.51;38;31.32;11;REGIONAL CIC;3110085;5
2014;69;RIVIERA;0;0;0;1;2014;1170.29;1300.19;1016.13;17604.51;38;31.32;11;REGIONAL CIC;3816530;5
2015;69;RIVIERA;0;0;0;1;2015;1170.29;1300.19;1016.13;17604.51;38;31.32;11;REGIONAL CIC;4052164;5
2016;69;RIVIERA;0;0;0;0;0;1170.29;1300.19;1016.13;17604.51;38;31.32;11;REGIONAL CIC;11768921;5
2017;69;RIVIERA;0;0;0;1;2017;1170.29;1300.19;1016.13;17604.51;38;31.32;11;REGIONAL CIC;3461172;5
2018;69;RIVIERA;0;0;0;0;0;1170.29;1300.19;1016.13;17604.51;38;31.32;11;REGIONAL CIC;28270;5
2019;69;RIVIERA;0;0;0;0;0;1170.29;1300.19;1016.13;17604.51;38;31.32;11;REGIONAL CIC;12058;5
2020;69;RIVIERA;0;0;0;3;194;1170.29;1300.19;1016.13;17604.51;38;31.32;11;REGIONAL CIC;12058;5
2021;69;RIVIERA;0;0;0;4;4;1170.29;1300.19;1016.13;17604.51;38;31.32;11;REGIONAL CIC;12058;5
2022;69;RIVIERA;0;0;0;1;1;1170.29;1300.19;1016.13;17604.51;38;31.32;11;REGIONAL CIC;12058;5
2012;53;SANTA CANDIDA;18;157;7;2;505012;1471.8;1737.26;1192.34;960.06;7310;397.7;4;REGIONAL BOA VISTA;4492796;5
2013;53;SANTA CANDIDA;18;180;11;96;738771;1471.8;1737.26;1192.34;960.06;7310;397.7;4;REGIONAL BOA VISTA;5680685;5
2014;53;SANTA CANDIDA;18;154;9;250;618298;1471.8;1737.26;1192.34;960.06;7310;397.7;4;REGIONAL BOA VISTA;5022916;5
2015;53;SANTA CANDIDA;18;227;18;392;789880;1471.8;1737.26;1192.34;960.06;7310;397.7;4;REGIONAL BOA VISTA;5365945;5
2016;53;SANTA CANDIDA;18;184;22;374;753984;1471.8;1737.26;1192.34;960.06;7310;397.7;4;REGIONAL BOA VISTA;4550111;5
2017;53;SANTA CANDIDA;18;217;22;366;738222;1471.8;1737.26;1192.34;960.06;7310;397.7;4;REGIONAL BOA VISTA;4661287;5
2018;53;SANTA CANDIDA;18;105;13;268;268;1471.8;1737.26;1192.34;960.06;7310;397.7;4;REGIONAL BOA VISTA;28270;5
2019;53;SANTA CANDIDA;18;111;13;465;465;1471.8;1737.26;1192.34;960.06;7310;397.7;4;REGIONAL BOA VISTA;28270;5
2020;53;SANTA CANDIDA;18;86;22;909;932;1471.8;1737.26;1192.34;960.06;7310;397.7;4;REGIONAL BOA VISTA;28270;5
2021;53;SANTA CANDIDA;18;157;21;827;827;1471.8;1737.26;1192.34;960.06;7310;397.7;4;REGIONAL BOA VISTA;28270;5
2022;53;SANTA CANDIDA;18;155;16;875;875;1471.8;1737.26;1192.34;960.06;7310;397.7;4;REGIONAL BOA VISTA;28270;5
2012;63;SANTA FELICIDADE;19;102;10;3;521107;2352.71;2923.34;1732.77;1086.86;9368;306.34;5;REGIONAL SANTA FELICIDADE;3329859;3
2013;63;SANTA FELICIDADE;19;157;16;87;855525;2352.71;2923.34;1732.77;1086.86;9368;306.34;5;REGIONAL SANTA FELICIDADE;4104507;3
2014;63;SANTA FELICIDADE;19;125;21;275;739138;2352.71;2923.34;1732.77;1086.86;9368;306.34;5;REGIONAL SANTA FELICIDADE;4320030;3
2015;63;SANTA FELICIDADE;19;138;11;415;836225;2352.71;2923.34;1732.77;1086.86;9368;306.34;5;REGIONAL SANTA FELICIDADE;4001790;3
2016;63;SANTA FELICIDADE;19;124;14;310;624960;2352.71;2923.34;1732.77;1086.86;9368;306.34;5;REGIONAL SANTA FELICIDADE;3169151;3
2017;63;SANTA FELICIDADE;19;115;5;288;580896;2352.71;2923.34;1732.77;1086.86;9368;306.34;5;REGIONAL SANTA FELICIDADE;3041636;3
2018;63;SANTA FELICIDADE;19;117;6;360;360;2352.71;2923.34;1732.77;1086.86;9368;306.34;5;REGIONAL SANTA FELICIDADE;21187;3
2019;63;SANTA FELICIDADE;19;142;17;415;415;2352.71;2923.34;1732.77;1086.86;9368;306.34;5;REGIONAL SANTA FELICIDADE;21187;3
2020;63;SANTA FELICIDADE;19;114;18;689;3;2352.71;2923.34;1732.77;1086.86;9368;306.34;5;REGIONAL SANTA FELICIDADE;21187;3
2021;63;SANTA FELICIDADE;19;251;13;830;830;2352.71;2923.34;1732.77;1086.86;9368;306.34;5;REGIONAL SANTA FELICIDADE;21187;3
2022;63;SANTA FELICIDADE;19;136;7;699;699;2352.71;2923.34;1732.77;1086.86;9368;306.34;5;REGIONAL SANTA FELICIDADE;21187;3
2012;43;SANTA QUITERIA;9;17;1;0;110660;2019.3;2444.28;1582.58;1745.71;3527;79.67;7;REGIONAL PORTAO;3408328;5
2013;43;SANTA QUITERIA;9;27;6;32;225456;2019.3;2444.28;1582.58;1745.71;3527;79.67;7;REGIONAL PORTAO;4255482;5
2014;43;SANTA QUITERIA;9;38;4;79;229596;2019.3;2444.28;1582.58;1745.71;3527;79.67;7;REGIONAL PORTAO;4382464;5
2015;43;SANTA QUITERIA;9;37;6;83;167245;2019.3;2444.28;1582.58;1745.71;3527;79.67;7;REGIONAL PORTAO;4654649;5
2016;43;SANTA QUITERIA;9;34;1;59;118944;2019.3;2444.28;1582.58;1745.71;3527;79.67;7;REGIONAL PORTAO;4048128;5
2017;43;SANTA QUITERIA;9;28;2;50;100850;2019.3;2444.28;1582.58;1745.71;3527;79.67;7;REGIONAL PORTAO;3654804;5
2018;43;SANTA QUITERIA;9;50;3;106;106;2019.3;2444.28;1582.58;1745.71;3527;79.67;7;REGIONAL PORTAO;13530;5
2019;43;SANTA QUITERIA;9;48;4;111;111;2019.3;2444.28;1582.58;1745.71;3527;79.67;7;REGIONAL PORTAO;26789;5
2020;43;SANTA QUITERIA;9;36;1;183;909;2019.3;2444.28;1582.58;1745.71;3527;79.67;7;REGIONAL PORTAO;26789;5
2021;43;SANTA QUITERIA;9;41;7;200;200;2019.3;2444.28;1582.58;1745.71;3527;79.67;7;REGIONAL PORTAO;26789;5
2022;43;SANTA QUITERIA;9;36;9;154;154;2019.3;2444.28;1582.58;1745.71;3527;79.67;7;REGIONAL PORTAO;26789;5
2012;46;SANTO INACIO;5;441;16;3;1006000;2568.38;3164.99;1879.17;24797.02;1828;15.01;5;REGIONAL SANTA FELICIDADE;3329859;3
2013;46;SANTO INACIO;5;422;12;85;990396;2568.38;3164.99;1879.17;24797.02;1828;15.01;5;REGIONAL SANTA FELICIDADE;4104507;3
2014;46;SANTO INACIO;5;435;14;416;1127840;2568.38;3164.99;1879.17;24797.02;1828;15.01;5;REGIONAL SANTA FELICIDADE;4320030;3
2015;46;SANTO INACIO;5;392;13;473;953095;2568.38;3164.99;1879.17;24797.02;1828;15.01;5;REGIONAL SANTA FELICIDADE;4001790;3
2016;46;SANTO INACIO;5;307;8;344;693504;2568.38;3164.99;1879.17;24797.02;1828;15.01;5;REGIONAL SANTA FELICIDADE;3169151;3
2017;46;SANTO INACIO;5;304;2;341;687797;2568.38;3164.99;1879.17;24797.02;1828;15.01;5;REGIONAL SANTA FELICIDADE;3041636;3
2018;46;SANTO INACIO;5;285;1;341;341;2568.38;3164.99;1879.17;24797.02;1828;15.01;5;REGIONAL SANTA FELICIDADE;28270;3
2019;46;SANTO INACIO;5;335;9;487;487;2568.38;3164.99;1879.17;24797.02;1828;15.01;5;REGIONAL SANTA FELICIDADE;21187;3
2020;46;SANTO INACIO;5;294;14;576;689;2568.38;3164.99;1879.17;24797.02;1828;15.01;5;REGIONAL SANTA FELICIDADE;21187;3
2021;46;SANTO INACIO;5;593;7;840;840;2568.38;3164.99;1879.17;24797.02;1828;15.01;5;REGIONAL SANTA FELICIDADE;21187;3
2022;46;SANTO INACIO;5;119;4;289;289;2568.38;3164.99;1879.17;24797.02;1828;15.01;5;REGIONAL SANTA FELICIDADE;21187;3
2012;60;SAO BRAZ;15;34;1;1;247476;1891.37;2338.32;1401.02;4696.25;5844;32.63;5;REGIONAL SANTA FELICIDADE;3329859;3
2013;60;SAO BRAZ;15;46;2;26;340197;1891.37;2338.32;1401.02;4696.25;5844;32.63;5;REGIONAL SANTA FELICIDADE;4104507;3
2014;60;SAO BRAZ;15;83;4;130;350436;1891.37;2338.32;1401.02;4696.25;5844;32.63;5;REGIONAL SANTA FELICIDADE;4320030;3
2015;60;SAO BRAZ;15;51;3;127;255905;1891.37;2338.32;1401.02;4696.25;5844;32.63;5;REGIONAL SANTA FELICIDADE;4001790;3
2016;60;SAO BRAZ;15;44;3;111;223776;1891.37;2338.32;1401.02;4696.25;5844;32.63;5;REGIONAL SANTA FELICIDADE;3169151;3
2017;60;SAO BRAZ;15;20;2;75;151275;1891.37;2338.32;1401.02;4696.25;5844;32.63;5;REGIONAL SANTA FELICIDADE;3041636;3
2018;60;SAO BRAZ;15;22;2;88;88;1891.37;2338.32;1401.02;4696.25;5844;32.63;5;REGIONAL SANTA FELICIDADE;21187;3
2019;60;SAO BRAZ;15;27;4;218;218;1891.37;2338.32;1401.02;4696.25;5844;32.63;5;REGIONAL SANTA FELICIDADE;21187;3
2020;60;SAO BRAZ;15;33;2;363;183;1891.37;2338.32;1401.02;4696.25;5844;32.63;5;REGIONAL SANTA FELICIDADE;21187;3
2021;60;SAO BRAZ;15;46;3;350;350;1891.37;2338.32;1401.02;4696.25;5844;32.63;5;REGIONAL SANTA FELICIDADE;21187;3
2022;60;SAO BRAZ;15;48;2;355;355;1891.37;2338.32;1401.02;4696.25;5844;32.63;5;REGIONAL SANTA FELICIDADE;21187;3
2012;2;SAO FRANCISCO;5;87;47;12;1346028;2837.3;3389.3;2355.07;29122.96;5312;5.5;1;REGIONAL MATRIZ;12253080;9
2013;2;SAO FRANCISCO;5;116;72;211;1948584;2837.3;3389.3;2355.07;29122.96;5312;5.5;1;REGIONAL MATRIZ;15375294;9
2014;2;SAO FRANCISCO;5;137;72;603;1661550;2837.3;3389.3;2355.07;29122.96;5312;5.5;1;REGIONAL MATRIZ;15278204;9
2015;2;SAO FRANCISCO;5;117;40;605;1219075;2837.3;3389.3;2355.07;29122.96;5312;5.5;1;REGIONAL MATRIZ;15138695;9
2016;2;SAO FRANCISCO;5;88;17;365;735840;2837.3;3389.3;2355.07;29122.96;5312;5.5;1;REGIONAL MATRIZ;11337984;9
2017;2;SAO FRANCISCO;5;198;48;805;1623685;2837.3;3389.3;2355.07;29122.96;5312;5.5;1;REGIONAL MATRIZ;13747872;9
2018;2;SAO FRANCISCO;5;211;61;821;821;2837.3;3389.3;2355.07;29122.96;5312;5.5;1;REGIONAL MATRIZ;28270;9
2019;2;SAO FRANCISCO;5;334;172;1785;1785;2837.3;3389.3;2355.07;29122.96;5312;5.5;1;REGIONAL MATRIZ;71450;9
2020;2;SAO FRANCISCO;5;240;117;1834;576;2837.3;3389.3;2355.07;29122.96;5312;5.5;1;REGIONAL MATRIZ;71450;9
2021;2;SAO FRANCISCO;5;272;89;1643;1643;2837.3;3389.3;2355.07;29122.96;5312;5.5;1;REGIONAL MATRIZ;71450;9
2022;2;SAO FRANCISCO;5;284;81;1343;1343;2837.3;3389.3;2355.07;29122.96;5312;5.5;1;REGIONAL MATRIZ;71450;9
2012;48;SAO JOAO;4;56;1;0;142852;2567.21;3276.16;1785.58;4083.55;682;147.68;5;REGIONAL SANTA FELICIDADE;3329859;3
2013;48;SAO JOAO;4;76;1;14;201300;2567.21;3276.16;1785.58;4083.55;682;147.68;5;REGIONAL SANTA FELICIDADE;4104507;3
2014;48;SAO JOAO;4;106;2;103;253764;2567.21;3276.16;1785.58;4083.55;682;147.68;5;REGIONAL SANTA FELICIDADE;4320030;3
2015;48;SAO JOAO;4;148;3;178;358670;2567.21;3276.16;1785.58;4083.55;682;147.68;5;REGIONAL SANTA FELICIDADE;4001790;3
2016;48;SAO JOAO;4;139;1;151;304416;2567.21;3276.16;1785.58;4083.55;682;147.68;5;REGIONAL SANTA FELICIDADE;3169151;3
2017;48;SAO JOAO;4;99;0;106;213802;2567.21;3276.16;1785.58;4083.55;682;147.68;5;REGIONAL SANTA FELICIDADE;3041636;3
2018;48;SAO JOAO;4;118;2;148;148;2567.21;3276.16;1785.58;4083.55;682;147.68;5;REGIONAL SANTA FELICIDADE;26789;3
2019;48;SAO JOAO;4;64;3;128;128;2567.21;3276.16;1785.58;4083.55;682;147.68;5;REGIONAL SANTA FELICIDADE;21187;3
2020;48;SAO JOAO;4;133;3;278;363;2567.21;3276.16;1785.58;4083.55;682;147.68;5;REGIONAL SANTA FELICIDADE;21187;3
2021;48;SAO JOAO;4;128;5;256;256;2567.21;3276.16;1785.58;4083.55;682;147.68;5;REGIONAL SANTA FELICIDADE;21187;3
2022;48;SAO JOAO;4;82;1;155;155;2567.21;3276.16;1785.58;4083.55;682;147.68;5;REGIONAL SANTA FELICIDADE;21187;3
2012;33;SAO LOURENCO;3;89;2;1;227356;3569.4;4609.19;2537.66;13130.84;2018;24.35;4;REGIONAL BOA VISTA;4492796;5
2013;33;SAO LOURENCO;3;160;4;48;396561;3569.4;4609.19;2537.66;13130.84;2018;24.35;4;REGIONAL BOA VISTA;5680685;5
2014;33;SAO LOURENCO;3;97;3;97;261820;3569.4;4609.19;2537.66;13130.84;2018;24.35;4;REGIONAL BOA VISTA;5022916;5
2015;33;SAO LOURENCO;3;139;6;164;330460;3569.4;4609.19;2537.66;13130.84;2018;24.35;4;REGIONAL BOA VISTA;5365945;5
2016;33;SAO LOURENCO;3;82;7;106;213696;3569.4;4609.19;2537.66;13130.84;2018;24.35;4;REGIONAL BOA VISTA;4550111;5
2017;33;SAO LOURENCO;3;92;4;116;233972;3569.4;4609.19;2537.66;13130.84;2018;24.35;4;REGIONAL BOA VISTA;4661287;5
2018;33;SAO LOURENCO;3;69;1;106;106;3569.4;4609.19;2537.66;13130.84;2018;24.35;4;REGIONAL BOA VISTA;21187;5
2019;33;SAO LOURENCO;3;56;4;83;83;3569.4;4609.19;2537.66;13130.84;2018;24.35;4;REGIONAL BOA VISTA;28270;5
2020;33;SAO LOURENCO;3;85;6;220;1834;3569.4;4609.19;2537.66;13130.84;2018;24.35;4;REGIONAL BOA VISTA;28270;5
2021;33;SAO LOURENCO;3;95;4;200;200;3569.4;4609.19;2537.66;13130.84;2018;24.35;4;REGIONAL BOA VISTA;28270;5
2022;33;SAO LOURENCO;3;45;1;163;163;3569.4;4609.19;2537.66;13130.84;2018;24.35;4;REGIONAL BOA VISTA;28270;5
2012;67;SAO MIGUEL;7;20;0;0;56336;854.89;990.76;675.55;636.87;98;542.48;11;REGIONAL CIC;2512988;5
2013;67;SAO MIGUEL;7;39;2;13;102663;854.89;990.76;675.55;636.87;98;542.48;11;REGIONAL CIC;3110085;5
2014;67;SAO MIGUEL;7;29;2;41;108756;854.89;990.76;675.55;636.87;98;542.48;11;REGIONAL CIC;3816530;5
2015;67;SAO MIGUEL;7;44;3;53;106795;854.89;990.76;675.55;636.87;98;542.48;11;REGIONAL CIC;4052164;5
2016;67;SAO MIGUEL;7;33;3;51;102816;854.89;990.76;675.55;636.87;98;542.48;11;REGIONAL CIC;11768921;5
2017;67;SAO MIGUEL;7;48;7;81;163377;854.89;990.76;675.55;636.87;98;542.48;11;REGIONAL CIC;3461172;5
2018;67;SAO MIGUEL;7;64;1;86;86;854.89;990.76;675.55;636.87;98;542.48;11;REGIONAL CIC;15885;5
2019;67;SAO MIGUEL;7;46;2;61;61;854.89;990.76;675.55;636.87;98;542.48;11;REGIONAL CIC;12058;5
2020;67;SAO MIGUEL;7;54;3;130;278;854.89;990.76;675.55;636.87;98;542.48;11;REGIONAL CIC;12058;5
2021;67;SAO MIGUEL;7;58;4;124;124;854.89;990.76;675.55;636.87;98;542.48;11;REGIONAL CIC;12058;5
2022;67;SAO MIGUEL;7;32;2;69;69;854.89;990.76;675.55;636.87;98;542.48;11;REGIONAL CIC;12058;5
2012;29;SEMINARIO;13;0;0;1;38228;4103.1;5220.36;3062.52;6010.85;2912;37.73;7;REGIONAL PORTAO;3408328;5
2013;29;SEMINARIO;13;1;2;14;96624;4103.1;5220.36;3062.52;6010.85;2912;37.73;7;REGIONAL PORTAO;4255482;5
2014;29;SEMINARIO;13;0;1;18;46322;4103.1;5220.36;3062.52;6010.85;2912;37.73;7;REGIONAL PORTAO;4382464;5
2015;29;SEMINARIO;13;1;1;23;46345;4103.1;5220.36;3062.52;6010.85;2912;37.73;7;REGIONAL PORTAO;4654649;5
2016;29;SEMINARIO;13;3;0;11;22176;4103.1;5220.36;3062.52;6010.85;2912;37.73;7;REGIONAL PORTAO;4048128;5
2017;29;SEMINARIO;13;1;1;23;46391;4103.1;5220.36;3062.52;6010.85;2912;37.73;7;REGIONAL PORTAO;3654804;5
2018;29;SEMINARIO;13;0;2;38;38;4103.1;5220.36;3062.52;6010.85;2912;37.73;7;REGIONAL PORTAO;71450;5
2019;29;SEMINARIO;13;3;1;61;61;4103.1;5220.36;3062.52;6010.85;2912;37.73;5;REGIONAL PORTAO;21187;5
2020;29;SEMINARIO;13;0;1;165;220;4103.1;5220.36;3062.52;6010.85;2912;37.73;5;REGIONAL PORTAO;21187;5
2021;29;SEMINARIO;13;4;2;159;159;4103.1;5220.36;3062.52;6010.85;2912;37.73;5;REGIONAL PORTAO;21187;5
2022;29;SEMINARIO;13;4;2;115;115;4103.1;5220.36;3062.52;6010.85;2912;37.73;5;REGIONAL PORTAO;21187;5
2012;65;SITIO CERCADO;93;499;55;10;2442568;1066.8;1248.21;856.36;4760.89;19118;15.4;10;REGIONAL BAIRRO NOVO;2748392;3
2013;65;SITIO CERCADO;93;566;75;261;2667225;1066.8;1248.21;856.36;4760.89;19118;15.4;10;REGIONAL BAIRRO NOVO;3063786;3
2014;65;SITIO CERCADO;93;676;64;1096;2962594;1066.8;1248.21;856.36;4760.89;19118;15.4;10;REGIONAL BAIRRO NOVO;3309002;3
2015;65;SITIO CERCADO;93;825;71;1472;2966080;1066.8;1248.21;856.36;4760.89;19118;15.4;10;REGIONAL BAIRRO NOVO;3435575;3
2016;65;SITIO CERCADO;93;864;82;1492;3007871;1066.8;1248.21;856.36;4760.89;19118;15.4;10;REGIONAL BAIRRO NOVO;3439295;3
2017;65;SITIO CERCADO;93;820;73;1430;2884310;1066.8;1248.21;856.36;4760.89;19118;15.4;10;REGIONAL BAIRRO NOVO;3255438;3
2018;65;SITIO CERCADO;93;773;72;1452;1452;1066.8;1248.21;856.36;4760.89;19118;15.4;10;REGIONAL BAIRRO NOVO;26789;3
2019;65;SITIO CERCADO;93;766;123;1602;1602;1066.8;1248.21;856.36;4760.89;19118;15.4;10;REGIONAL BAIRRO NOVO;11313;3
2020;65;SITIO CERCADO;93;1126;124;4431;130;1066.8;1248.21;856.36;4760.89;19118;15.4;10;REGIONAL BAIRRO NOVO;11313;3
2021;65;SITIO CERCADO;93;727;137;3214;3214;1066.8;1248.21;856.36;4760.89;19118;15.4;10;REGIONAL BAIRRO NOVO;11313;3
2022;65;SITIO CERCADO;93;707;100;2515;2515;1066.8;1248.21;856.36;4760.89;19118;15.4;10;REGIONAL BAIRRO NOVO;11313;3
2012;49;TABOAO;0;186;1;0;398376;1867.66;2190.87;1532.62;18073.22;662;25.98;4;REGIONAL BOA VISTA;4492796;5
2013;49;TABOAO;0;170;5;36;376431;1867.66;2190.87;1532.62;18073.22;662;25.98;4;REGIONAL BOA VISTA;5680685;5
2014;49;TABOAO;0;137;6;118;330296;1867.66;2190.87;1532.62;18073.22;662;25.98;4;REGIONAL BOA VISTA;5022916;5
2015;49;TABOAO;0;116;6;134;270010;1867.66;2190.87;1532.62;18073.22;662;25.98;4;REGIONAL BOA VISTA;5365945;5
2016;49;TABOAO;0;105;6;119;239904;1867.66;2190.87;1532.62;18073.22;662;25.98;4;REGIONAL BOA VISTA;4550111;5
2017;49;TABOAO;0;142;3;156;314652;1867.66;2190.87;1532.62;18073.22;662;25.98;4;REGIONAL BOA VISTA;4661287;5
2018;49;TABOAO;0;127;7;149;149;1867.66;2190.87;1532.62;18073.22;662;25.98;4;REGIONAL BOA VISTA;20564;5
2019;49;TABOAO;0;113;6;139;139;1867.66;2190.87;1532.62;18073.22;662;25.98;4;REGIONAL BOA VISTA;28270;5
2020;49;TABOAO;0;124;6;179;165;1867.66;2190.87;1532.62;18073.22;662;25.98;4;REGIONAL BOA VISTA;28270;5
2021;49;TABOAO;0;105;5;159;159;1867.66;2190.87;1532.62;18073.22;662;25.98;4;REGIONAL BOA VISTA;28270;5
2022;49;TABOAO;0;134;3;176;176;1867.66;2190.87;1532.62;18073.22;662;25.98;4;REGIONAL BOA VISTA;28270;5
2012;19;TARUMA;7;22;3;2;104624;2973.8;3589.32;2291.39;1097.12;292;143.06;3;REGIONAL CAJURU;3613552;2
2013;19;TARUMA;7;19;1;11;108702;2973.8;3589.32;2291.39;1097.12;292;143.06;3;REGIONAL CAJURU;4160871;2
2014;19;TARUMA;7;18;0;39;110770;2973.8;3589.32;2291.39;1097.12;292;143.06;3;REGIONAL CAJURU;4545598;2
2015;19;TARUMA;7;15;1;42;84630;2973.8;3589.32;2291.39;1097.12;292;143.06;3;REGIONAL CAJURU;4412850;2
2016;19;TARUMA;7;19;0;29;58464;2973.8;3589.32;2291.39;1097.12;292;143.06;3;REGIONAL CAJURU;4068287;2
2017;19;TARUMA;7;33;2;70;141190;2973.8;3589.32;2291.39;1097.12;292;143.06;3;REGIONAL CAJURU;4090476;2
2018;19;TARUMA;7;17;1;39;39;2973.8;3589.32;2291.39;1097.12;292;143.06;3;REGIONAL CAJURU;28270;2
2019;19;TARUMA;7;17;5;62;62;2973.8;3589.32;2291.39;1097.12;292;143.06;4;REGIONAL CAJURU;28270;2
2020;19;TARUMA;7;10;0;129;4431;2973.8;3589.32;2291.39;1097.12;292;143.06;4;REGIONAL CAJURU;28270;2
2021;19;TARUMA;7;14;2;144;144;2973.8;3589.32;2291.39;1097.12;292;143.06;4;REGIONAL CAJURU;28270;2
2022;19;TARUMA;7;45;7;263;263;2973.8;3589.32;2291.39;1097.12;292;143.06;4;REGIONAL CAJURU;28270;2
2012;74;TATUQUARA;53;161;6;7;724320;903.64;1044.13;727.67;322.24;6043;837.22;12;REGIONAL TATUQUARA;987891;1
2013;74;TATUQUARA;53;203;18;91;1272216;903.64;1044.13;727.67;322.24;6043;837.22;12;REGIONAL TATUQUARA;192152172;1
2014;74;TATUQUARA;53;248;14;368;986860;903.64;1044.13;727.67;322.24;6043;837.22;12;REGIONAL TATUQUARA;1407786;1
2015;74;TATUQUARA;53;244;12;527;1061905;903.64;1044.13;727.67;322.24;6043;837.22;12;REGIONAL TATUQUARA;1555580;1
2016;74;TATUQUARA;53;296;24;586;1181376;903.64;1044.13;727.67;322.24;6043;837.22;12;REGIONAL TATUQUARA;1719648;1
2017;74;TATUQUARA;53;292;10;527;1062959;903.64;1044.13;727.67;322.24;6043;837.22;12;REGIONAL TATUQUARA;1587379;1
2018;74;TATUQUARA;53;265;14;584;584;903.64;1044.13;727.67;322.24;6043;837.22;12;REGIONAL TATUQUARA;28270;1
2019;74;TATUQUARA;53;253;11;743;743;903.64;1044.13;727.67;322.24;6043;837.22;8;REGIONAL TATUQUARA;13530;1
2020;74;TATUQUARA;53;265;19;1618;179;903.64;1044.13;727.67;322.24;6043;837.22;8;REGIONAL TATUQUARA;13530;1
2021;74;TATUQUARA;53;547;12;1587;1587;903.64;1044.13;727.67;322.24;6043;837.22;8;REGIONAL TATUQUARA;13530;1
2022;74;TATUQUARA;53;320;32;1140;1140;903.64;1044.13;727.67;322.24;6043;837.22;8;REGIONAL TATUQUARA;13530;1
2012;54;TINGUI;5;2;0;0;76456;1902.94;2263.6;1528.2;36686.98;3220;4.04;4;REGIONAL BOA VISTA;4492796;5
2013;54;TINGUI;5;1;3;15;88572;1902.94;2263.6;1528.2;36686.98;3220;4.04;4;REGIONAL BOA VISTA;5680685;5
2014;54;TINGUI;5;7;3;37;110770;1902.94;2263.6;1528.2;36686.98;3220;4.04;4;REGIONAL BOA VISTA;5022916;5
2015;54;TINGUI;5;9;3;55;110825;1902.94;2263.6;1528.2;36686.98;3220;4.04;4;REGIONAL BOA VISTA;5365945;5
2016;54;TINGUI;5;37;1;70;141120;1902.94;2263.6;1528.2;36686.98;3220;4.04;4;REGIONAL BOA VISTA;4550111;5
2017;54;TINGUI;5;65;3;77;155309;1902.94;2263.6;1528.2;36686.98;3220;4.04;4;REGIONAL BOA VISTA;4661287;5
2018;54;TINGUI;5;91;7;130;130;1902.94;2263.6;1528.2;36686.98;3220;4.04;4;REGIONAL BOA VISTA;71450;5
2019;54;TINGUI;5;56;5;178;178;1902.94;2263.6;1528.2;36686.98;3220;4.04;4;REGIONAL BOA VISTA;28270;5
2020;54;TINGUI;5;49;8;317;129;1902.94;2263.6;1528.2;36686.98;3220;4.04;4;REGIONAL BOA VISTA;28270;5
2021;54;TINGUI;5;70;7;280;280;1902.94;2263.6;1528.2;36686.98;3220;4.04;4;REGIONAL BOA VISTA;28270;5
2022;54;TINGUI;5;90;13;390;390;1902.94;2263.6;1528.2;36686.98;3220;4.04;4;REGIONAL BOA VISTA;28270;5
2012;37;UBERABA;47;124;7;23;752488;1623.51;1926.94;1275.83;2682.69;13607;52.68;3;REGIONAL CAJURU;3613552;2
2013;37;UBERABA;47;123;7;83;783057;1623.51;1926.94;1275.83;2682.69;13607;52.68;3;REGIONAL CAJURU;4160871;2
2014;37;UBERABA;47;108;14;307;821712;1623.51;1926.94;1275.83;2682.69;13607;52.68;3;REGIONAL CAJURU;4545598;2
2015;37;UBERABA;47;142;13;364;733460;1623.51;1926.94;1275.83;2682.69;13607;52.68;3;REGIONAL CAJURU;4412850;2
2016;37;UBERABA;47;175;15;406;818496;1623.51;1926.94;1275.83;2682.69;13607;52.68;3;REGIONAL CAJURU;4068287;2
2017;37;UBERABA;47;185;13;392;790664;1623.51;1926.94;1275.83;2682.69;13607;52.68;3;REGIONAL CAJURU;4090476;2
2018;37;UBERABA;47;173;21;433;433;1623.51;1926.94;1275.83;2682.69;13607;52.68;3;REGIONAL CAJURU;21187;2
2019;37;UBERABA;47;156;21;509;509;1623.51;1926.94;1275.83;2682.69;13607;52.68;3;REGIONAL CAJURU;15885;2
2020;37;UBERABA;47;189;22;1158;1618;1623.51;1926.94;1275.83;2682.69;13607;52.68;3;REGIONAL CAJURU;15885;2
2021;37;UBERABA;47;199;32;1190;1190;1623.51;1926.94;1275.83;2682.69;13607;52.68;3;REGIONAL CAJURU;15885;2
2022;37;UBERABA;47;139;31;1035;1035;1623.51;1926.94;1275.83;2682.69;13607;52.68;3;REGIONAL CAJURU;15885;2
2012;73;UMBARA;13;23;2;0;205224;1164.04;1375.1;887.68;531.94;3061;775.95;10;REGIONAL BAIRRO NOVO;2748392;3
2013;73;UMBARA;13;22;4;24;219417;1164.04;1375.1;887.68;531.94;3061;775.95;10;REGIONAL BAIRRO NOVO;3063786;3
2014;73;UMBARA;13;14;5;62;153064;1164.04;1375.1;887.68;531.94;3061;775.95;10;REGIONAL BAIRRO NOVO;3309002;3
2015;73;UMBARA;13;32;4;107;215605;1164.04;1375.1;887.68;531.94;3061;775.95;10;REGIONAL BAIRRO NOVO;3435575;3
2016;73;UMBARA;13;40;5;98;197568;1164.04;1375.1;887.68;531.94;3061;775.95;10;REGIONAL BAIRRO NOVO;3439295;3
2017;73;UMBARA;13;40;3;93;187581;1164.04;1375.1;887.68;531.94;3061;775.95;10;REGIONAL BAIRRO NOVO;3255438;3
2018;73;UMBARA;13;46;4;115;115;1164.04;1375.1;887.68;531.94;3061;775.95;10;REGIONAL BAIRRO NOVO;71450;3
2019;73;UMBARA;13;31;6;120;120;1164.04;1375.1;887.68;531.94;3061;775.95;10;REGIONAL BAIRRO NOVO;11313;3
2020;73;UMBARA;13;29;9;338;317;1164.04;1375.1;887.68;531.94;3061;775.95;10;REGIONAL BAIRRO NOVO;11313;3
2021;73;UMBARA;13;34;8;344;344;1164.04;1375.1;887.68;531.94;3061;775.95;10;REGIONAL BAIRRO NOVO;11313;3
2022;73;UMBARA;13;20;14;251;251;1164.04;1375.1;887.68;531.94;3061;775.95;10;REGIONAL BAIRRO NOVO;11313;3
2012;28;VILA IZABEL;8;5;1;0;84504;3390.9;4223.18;2628.38;5077.87;4737;32.3;7;REGIONAL PORTAO;3408328;5
2013;28;VILA IZABEL;8;23;4;22;203313;3390.9;4223.18;2628.38;5077.87;4737;32.3;7;REGIONAL PORTAO;4255482;5
2014;28;VILA IZABEL;8;17;5;51;128896;3390.9;4223.18;2628.38;5077.87;4737;32.3;7;REGIONAL PORTAO;4382464;5
2015;28;VILA IZABEL;8;40;7;85;171275;3390.9;4223.18;2628.38;5077.87;4737;32.3;7;REGIONAL PORTAO;4654649;5
2016;28;VILA IZABEL;8;33;6;75;151200;3390.9;4223.18;2628.38;5077.87;4737;32.3;7;REGIONAL PORTAO;4048128;5
2017;28;VILA IZABEL;8;34;5;69;139173;3390.9;4223.18;2628.38;5077.87;4737;32.3;7;REGIONAL PORTAO;3654804;5
2018;28;VILA IZABEL;8;23;2;50;50;3390.9;4223.18;2628.38;5077.87;4737;32.3;7;REGIONAL PORTAO;28270;5
2019;28;VILA IZABEL;8;16;3;56;56;3390.9;4223.18;2628.38;5077.87;4737;32.3;7;REGIONAL PORTAO;26789;5
2020;28;VILA IZABEL;8;23;5;250;1158;3390.9;4223.18;2628.38;5077.87;4737;32.3;7;REGIONAL PORTAO;26789;5
2021;28;VILA IZABEL;8;46;6;360;360;3390.9;4223.18;2628.38;5077.87;4737;32.3;7;REGIONAL PORTAO;26789;5
2022;28;VILA IZABEL;8;20;7;267;267;3390.9;4223.18;2628.38;5077.87;4737;32.3;7;REGIONAL PORTAO;26789;5
2012;31;VISTA ALEGRE;6;60;3;1;181080;2898.74;3661.46;2106.51;16274.05;3016;20.45;5;REGIONAL SANTA FELICIDADE;3329859;3
2013;31;VISTA ALEGRE;6;46;3;18;179157;2898.74;3661.46;2106.51;16274.05;3016;20.45;5;REGIONAL SANTA FELICIDADE;4104507;3
2014;31;VISTA ALEGRE;6;36;1;56;145008;2898.74;3661.46;2106.51;16274.05;3016;20.45;5;REGIONAL SANTA FELICIDADE;4320030;3
2015;31;VISTA ALEGRE;6;50;2;83;167245;2898.74;3661.46;2106.51;16274.05;3016;20.45;5;REGIONAL SANTA FELICIDADE;4001790;3
2016;31;VISTA ALEGRE;6;26;0;55;110880;2898.74;3661.46;2106.51;16274.05;3016;20.45;5;REGIONAL SANTA FELICIDADE;3169151;3
2017;31;VISTA ALEGRE;6;36;3;61;123037;2898.74;3661.46;2106.51;16274.05;3016;20.45;5;REGIONAL SANTA FELICIDADE;3041636;3
2018;31;VISTA ALEGRE;6;36;0;82;82;2898.74;3661.46;2106.51;16274.05;3016;20.45;5;REGIONAL SANTA FELICIDADE;28270;3
2019;31;VISTA ALEGRE;6;37;2;79;79;2898.74;3661.46;2106.51;16274.05;3016;20.45;5;REGIONAL SANTA FELICIDADE;21187;3
2020;31;VISTA ALEGRE;6;42;7;234;338;2898.74;3661.46;2106.51;16274.05;3016;20.45;5;REGIONAL SANTA FELICIDADE;21187;3
2021;31;VISTA ALEGRE;6;62;0;211;211;2898.74;3661.46;2106.51;16274.05;3016;20.45;5;REGIONAL SANTA FELICIDADE;21187;3
2022;31;VISTA ALEGRE;6;43;3;169;169;2898.74;3661.46;2106.51;16274.05;3016;20.45;5;REGIONAL SANTA FELICIDADE;21187;3
2012;57;XAXIM;33;135;1;1;581468;1532.17;1835.7;1175.59;11442.13;13547;9.39;2;REGIONAL BOQUEIRAO;3806703;3
2013;57;XAXIM;33;147;10;73;700524;1532.17;1835.7;1175.59;11442.13;13547;9.39;2;REGIONAL BOQUEIRAO;4368210;3
2014;57;XAXIM;33;324;14;510;1242638;1532.17;1835.7;1175.59;11442.13;13547;9.39;2;REGIONAL BOQUEIRAO;5010832;3
2015;57;XAXIM;33;310;12;513;1033694;1532.17;1835.7;1175.59;11442.13;13547;9.39;2;REGIONAL BOQUEIRAO;5015334;3
2016;57;XAXIM;33;228;10;380;766080;1532.17;1835.7;1175.59;11442.13;13547;9.39;2;REGIONAL BOQUEIRAO;4908960;3
2017;57;XAXIM;33;186;4;319;643423;1532.17;1835.7;1175.59;11442.13;13547;9.39;2;REGIONAL BOQUEIRAO;4929548;3
2018;57;XAXIM;33;170;6;353;353;1532.17;1835.7;1175.59;11442.13;13547;9.39;2;REGIONAL BOQUEIRAO;26789;3
2019;57;XAXIM;33;159;11;326;326;1532.17;1835.7;1175.59;11442.13;13547;9.39;2;REGIONAL BOQUEIRAO;20564;3
2020;57;XAXIM;33;181;34;903;250;1532.17;1835.7;1175.59;11442.13;13547;9.39;2;REGIONAL BOQUEIRAO;20564;3
2021;57;XAXIM;33;128;39;801;801;1532.17;1835.7;1175.59;11442.13;13547;9.39;2;REGIONAL BOQUEIRAO;20564;3
2022;57;XAXIM;33;127;25;848;848;1532.17;1835.7;1175.59;11442.13;13547;9.39;2;REGIONAL BOQUEIRAO;20564;3
